id,gender,ACE1,ACE2,ACE3,ACE4,ACE5,ACE6,ACE7,ACE8,ACE9,ACE10,RSQ1,RSQ2,RSQ3,RSQ4,RSQ5,RSQ6,RSQ7,RSQ8,RSQ9,RSQ10,RSQ11,RSQ12,RSQ13,RSQ14,RSQ15,RSQ16,RSQ17,RSQ18,RSQ19,RSQ20,RSQ21,RSQ22,RSQ23,RSQ24,RSQ25,RSQ26,RSQ27,RSQ28,RSQ29,RSQ30
1,2,0,0,0,0,0,0,0,0,0,0,2,5,3,3,5,4,3,3,4,3,5,4,3,5,5,5,2,3,3,3,5,1,3,2,3,3,3,4,3,3
2,1,0,0,0,0,0,0,1,0,0,0,4,4,3,2,4,2,5,3,5,2,4,4,4,5,4,5,2,1,4,3,4,2,5,4,3,4,4,2,3,4
3,2,0,0,0,0,0,0,0,1,0,0,3,5,3,1,4,3,3,3,2,3,4,4,4,4,4,4,3,1,5,4,4,2,3,3,2,5,4,5,5,3
4,1,0,1,0,0,0,1,0,0,0,0,2,2,5,5,2,1,2,4,4,3,2,2,2,5,3,1,2,2,3,2,3,1,1,1,2,2,2,3,1,2
5,2,0,1,0,0,0,1,0,0,0,0,3,4,4,5,3,2,3,5,5,3,5,3,1,5,4,4,2,1,5,3,5,2,3,2,3,3,4,4,2,4
6,1,1,1,0,0,0,0,0,1,0,1,3,4,1,5,3,5,3,5,4,5,5,5,1,5,5,5,2,5,4,1,5,5,5,3,5,4,4,5,1,4
7,2,0,0,0,1,0,0,0,1,1,1,5,5,1,2,5,5,NA,1,5,1,5,5,5,2,4,5,5,1,5,3,5,3,5,4,5,5,1,5,2,1
8,1,1,1,0,0,0,0,0,0,0,0,4,5,3,4,2,3,2,5,3,2,NA,2,2,5,3,3,3,NA,4,2,2,3,1,2,NA,4,4,3,NA,NA
9,2,0,0,0,0,0,1,0,0,1,0,3,3,4,3,2,4,3,3,4,2,3,4,2,4,3,5,2,2,3,3,5,3,5,2,2,3,3,5,3,3
10,1,1,0,0,1,0,1,0,1,0,0,4,4,2,2,3,4,4,2,3,1,4,5,5,2,3,3,3,2,4,5,3,3,3,4,2,3,3,2,3,3
11,2,0,0,0,0,0,0,0,0,0,0,4,5,2,2,2,3,2,3,1,2,1,2,3,3,4,4,2,1,4,2,1,2,1,3,2,4,4,1,5,2
12,2,0,0,0,1,0,1,0,1,0,1,3,5,2,3,5,4,5,3,3,2,5,5,2,5,4,5,3,2,4,2,5,3,2,2,2,4,3,3,1,3
13,2,0,0,0,0,0,0,0,0,0,0,3,4,5,3,3,2,3,3,5,3,4,2,3,4,4,5,3,2,3,4,4,3,4,2,3,3,4,5,2,4
14,2,0,0,0,0,0,1,0,1,1,0,3,3,5,4,5,3,3,4,5,3,5,4,4,5,5,5,3,5,4,5,5,4,5,3,4,5,4,5,3,5
15,2,1,0,1,1,0,0,0,0,0,0,2,5,4,4,5,4,3,4,5,4,4,5,5,5,5,5,3,2,4,5,5,2,5,3,3,3,2,5,4,3
16,1,0,0,0,0,0,1,0,0,0,0,4,5,NA,3,1,4,2,1,1,1,1,2,1,3,4,1,1,1,4,1,1,3,1,1,1,5,3,1,2,3
17,1,0,0,0,0,0,0,0,0,0,0,1,5,3,1,1,5,5,2,1,2,2,4,1,2,5,3,3,3,3,3,3,3,3,3,1,4,3,2,3,5
18,1,0,0,0,0,0,0,0,0,0,0,4,5,5,5,5,4,5,5,1,2,4,4,2,5,4,5,2,1,5,3,4,2,1,3,1,5,3,2,1,4
19,2,0,0,0,0,0,1,0,0,0,0,1,3,2,3,3,3,1,3,3,3,4,4,4,3,3,3,3,1,3,3,3,4,3,2,1,4,4,2,2,2
20,2,0,1,1,0,0,1,0,0,0,0,5,5,5,3,5,5,5,3,1,3,5,5,2,2,5,5,5,3,4,2,5,3,3,4,4,3,4,4,4,3
21,1,0,0,0,1,0,1,0,0,1,0,3,5,2,1,3,2,4,2,3,3,4,4,5,4,2,4,4,1,5,4,4,3,2,4,4,4,2,3,5,2
22,2,1,0,0,1,0,1,0,1,1,0,5,4,5,2,4,2,5,3,5,1,1,5,3,4,5,5,5,2,2,2,1,1,3,3,3,5,2,5,5,3
23,2,0,0,0,0,0,0,0,0,0,0,3,4,5,5,5,3,5,4,5,2,3,4,2,4,3,5,4,3,3,4,5,2,4,3,3,4,2,3,2,3
24,2,0,0,0,0,0,0,0,0,0,0,5,3,5,5,5,3,5,5,5,4,4,5,5,5,5,5,4,3,3,4,5,3,5,2,4,3,4,5,3,4
25,1,0,0,0,0,0,0,0,0,0,0,4,4,3,2,5,4,5,2,3,2,2,4,1,4,5,5,3,1,5,2,3,2,3,3,2,5,2,2,2,3
26,1,0,0,0,0,0,0,0,0,0,0,4,4,1,2,3,5,5,3,2,1,3,3,3,4,5,1,2,1,4,5,4,2,1,4,5,5,2,3,3,2
27,2,0,0,0,0,0,0,0,0,0,0,1,4,5,4,3,5,1,3,3,5,1,2,1,5,5,1,1,1,5,1,1,2,1,1,1,1,5,3,1,4
28,2,1,0,0,1,0,1,1,1,1,1,2,3,4,5,3,1,3,4,5,3,5,5,2,4,3,5,3,3,2,2,5,2,5,1,4,2,3,5,2,4
29,2,0,0,1,0,0,1,0,0,1,0,4,5,5,1,1,3,4,2,3,1,4,4,2,3,2,4,3,1,4,2,4,3,1,3,2,5,2,1,1,1
30,2,0,0,0,0,0,0,0,0,0,0,3,3,3,3,4,3,4,3,3,3,3,4,3,3,4,4,1,1,4,2,3,3,1,4,1,2,4,4,3,4
31,2,0,0,0,1,0,1,0,0,1,0,4,4,1,1,5,4,4,2,1,2,5,4,4,3,1,2,3,1,4,4,3,4,2,4,1,4,2,4,5,1
32,1,0,0,0,0,0,0,0,0,0,0,3,3,4,2,2,3,2,4,2,3,2,2,2,4,4,3,2,2,3,2,2,2,2,2,2,3,4,2,2,4
33,2,1,0,0,1,0,0,0,0,1,0,4,3,2,5,4,2,5,5,5,2,5,4,4,5,5,5,4,5,4,4,5,3,2,4,3,5,3,5,2,1
34,1,0,0,0,0,0,0,0,0,0,0,3,4,5,2,5,2,2,4,5,4,4,4,3,5,3,4,3,1,3,3,5,3,5,2,3,NA,2,5,2,3
35,2,0,0,0,0,0,1,0,0,1,0,4,5,3,2,5,3,5,2,5,3,4,5,5,2,2,5,3,2,5,5,4,4,4,4,3,4,2,4,3,2
36,2,0,0,0,1,0,0,0,0,0,0,3,3,3,1,2,1,2,2,3,2,3,3,2,2,2,2,2,1,2,1,3,1,2,1,1,4,3,2,1,3
37,2,0,0,0,0,0,0,0,0,0,0,1,1,5,5,1,1,1,5,1,5,1,1,1,5,5,1,1,3,1,1,1,1,1,1,3,1,5,1,1,5
38,1,0,0,0,0,0,0,0,0,0,0,3,4,3,3,2,4,4,1,1,1,1,1,1,1,4,4,3,1,5,1,1,3,1,1,1,5,3,1,3,3
39,2,1,0,0,0,0,0,0,0,0,0,4,NA,2,1,2,2,2,2,3,3,1,2,1,3,5,4,2,1,4,1,1,1,2,1,1,2,4,1,3,3
40,2,0,0,0,1,0,1,0,1,0,0,1,2,3,2,2,2,1,4,4,4,2,2,1,5,3,5,1,2,3,2,4,3,4,2,4,1,4,5,2,4
41,2,0,0,0,0,0,1,1,1,0,0,3,5,3,5,3,1,3,4,3,5,1,3,3,4,2,3,2,1,5,2,1,2,2,1,2,5,2,1,1,3
42,2,0,0,0,0,0,0,0,0,0,0,1,3,3,3,3,3,3,3,NA,NA,NA,NA,NA,NA,NA,NA,NA,NA,NA,NA,NA,NA,NA,NA,5,NA,3,3,5,4
43,1,1,1,0,0,0,0,0,0,1,0,3,2,4,4,3,2,3,2,5,3,4,5,5,4,4,3,3,4,4,3,5,3,4,3,2,3,3,4,1,3
44,1,0,0,0,0,0,0,0,0,0,0,4,2,4,1,3,2,3,2,2,2,4,3,2,5,4,5,3,1,4,1,4,2,2,1,4,4,3,4,1,4
45,2,0,0,0,0,0,0,0,0,0,0,3,5,3,3,4,3,5,3,4,1,2,5,4,3,4,5,3,3,5,2,3,3,2,2,3,4,3,2,1,3
46,2,0,0,0,0,0,1,0,1,1,0,1,4,4,2,3,2,3,1,1,3,2,2,1,3,5,3,1,1,4,1,2,1,1,2,1,1,2,3,2,4
47,2,0,0,0,0,0,1,0,0,0,0,3,5,3,3,5,4,4,3,5,1,5,5,4,3,2,2,1,1,4,5,NA,5,1,4,5,5,2,3,2,2
48,1,0,0,0,0,0,0,0,0,0,0,1,1,4,3,2,2,1,3,1,5,3,2,1,4,3,5,2,1,1,1,1,4,1,2,1,1,4,3,2,5
49,1,0,0,0,0,0,1,0,0,0,0,3,3,3,4,5,3,4,4,2,2,2,4,4,4,4,4,3,4,4,2,2,2,1,1,2,4,4,2,2,4
50,2,0,0,0,0,0,1,0,0,0,0,3,3,3,3,1,2,2,3,1,3,1,2,1,4,4,1,1,1,4,1,1,2,1,1,1,3,4,1,1,3
51,2,0,0,0,0,0,0,1,0,0,0,2,3,2,3,2,4,4,3,4,3,NA,2,2,3,2,4,1,1,3,3,4,4,2,3,1,3,4,3,NA,3
52,2,0,0,0,0,0,0,0,0,0,0,3,5,2,4,4,3,2,3,1,2,2,2,4,4,5,4,2,1,5,3,2,1,2,3,1,4,3,2,3,2
53,2,0,0,0,0,0,1,0,0,1,0,3,5,3,NA,3,3,2,3,1,1,1,2,2,3,2,1,2,1,4,2,1,3,1,2,1,5,4,1,2,3
54,1,0,0,0,0,0,0,0,0,0,0,2,5,5,3,2,3,2,3,1,4,2,2,2,4,5,2,2,2,5,2,2,2,1,1,4,2,5,3,2,4
55,1,0,0,0,0,0,1,0,0,0,1,3,5,3,3,2,3,3,3,1,3,1,1,1,3,5,1,2,1,4,1,1,1,1,1,1,3,2,1,1,4
56,2,1,0,0,1,0,1,0,1,1,0,3,2,2,3,5,3,5,5,5,3,2,3,4,5,3,5,2,1,4,3,3,3,3,3,2,3,3,4,2,2
57,2,1,0,0,1,0,1,1,1,1,1,3,5,2,2,5,2,4,2,4,2,4,4,4,2,2,5,4,2,2,3,4,1,4,3,3,3,3,2,2,3
58,1,1,0,0,1,0,1,0,0,0,0,1,5,3,5,1,1,1,5,4,4,1,1,1,5,5,2,1,1,4,2,1,2,1,2,1,2,5,2,1,3
59,1,0,0,0,0,0,1,0,0,0,0,2,5,5,5,4,3,1,3,1,3,2,2,3,5,5,4,2,2,5,4,2,1,1,1,1,2,4,2,1,4
60,2,0,0,0,0,0,1,0,0,0,0,3,5,5,5,5,4,4,4,3,2,4,5,5,5,5,5,2,1,5,4,5,1,2,2,4,4,4,4,1,2
61,2,0,0,0,0,0,0,0,0,1,0,4,5,5,5,5,3,5,5,5,4,4,4,4,5,5,5,4,5,4,4,5,3,5,3,5,4,3,4,3,3
62,1,1,1,0,0,0,1,0,0,0,0,5,1,4,5,3,4,NA,3,3,3,1,5,2,NA,NA,NA,4,3,5,2,2,3,1,2,2,5,2,2,2,4
63,1,0,0,0,0,0,0,0,0,0,0,1,1,5,5,3,5,2,5,1,5,3,1,1,4,5,3,1,3,4,2,4,5,1,1,3,4,5,1,1,4
64,1,0,0,0,0,0,0,0,0,0,0,2,5,3,4,2,4,3,2,2,1,2,2,2,3,4,3,3,3,5,3,2,3,2,2,2,2,3,2,3,3
65,2,0,0,0,0,0,0,0,0,0,0,2,4,4,3,5,3,3,2,2,2,4,5,3,5,5,5,4,2,3,2,3,1,2,5,4,3,3,1,2,4
66,2,0,0,0,0,0,0,0,0,0,0,1,3,2,1,1,5,1,1,1,3,1,3,1,3,3,1,1,1,3,1,1,3,1,1,1,3,3,1,1,3
67,2,1,0,1,0,0,1,1,1,1,0,1,5,5,5,5,5,5,5,5,1,5,5,1,5,5,1,3,3,5,1,5,1,5,1,1,5,2,1,1,5
68,1,0,0,0,0,0,0,0,0,0,0,3,4,4,3,5,3,1,3,1,3,4,5,3,4,3,4,1,1,4,2,3,2,1,1,1,3,4,NA,2,4
69,1,1,1,1,1,0,1,0,1,0,0,5,3,1,5,4,2,5,5,5,3,5,5,5,5,5,5,5,4,5,4,5,4,5,1,4,5,2,4,1,1
70,2,0,0,0,0,1,1,1,1,1,1,4,4,4,4,1,3,3,3,2,2,2,1,1,2,4,3,2,3,5,1,2,3,1,2,2,4,4,3,2,4
71,1,0,0,0,0,0,0,0,0,0,0,3,4,3,5,2,1,3,4,4,4,3,2,1,5,4,4,1,3,3,3,4,2,3,1,3,3,5,3,1,3
72,1,1,1,1,0,0,1,0,0,1,0,5,5,1,1,5,4,5,2,5,2,5,5,5,1,1,5,5,1,5,4,5,5,5,4,5,5,2,5,2,1
73,1,0,0,0,0,0,0,0,0,0,0,5,5,5,5,5,1,4,5,5,3,5,5,5,5,5,5,5,3,5,3,5,3,5,3,5,3,4,5,2,5
74,2,1,1,0,1,0,1,0,0,1,0,3,4,5,5,4,2,3,4,5,3,4,4,4,5,3,5,3,4,4,4,5,4,5,2,2,2,2,4,2,4
75,1,1,0,0,0,0,0,0,0,0,0,2,3,4,4,2,1,2,4,1,3,1,2,1,5,5,4,1,1,2,1,1,1,1,1,NA,3,5,1,1,5
76,1,0,0,0,0,0,1,0,0,0,0,3,4,5,1,5,3,3,3,4,3,4,5,3,4,4,4,3,1,4,2,5,2,3,2,2,3,4,4,2,4
77,2,0,0,0,0,0,1,0,0,0,0,1,1,1,1,4,1,1,1,1,1,1,1,1,1,3,1,1,1,1,3,3,1,1,1,1,1,1,1,1,1
78,2,1,1,0,0,0,1,0,1,0,0,5,5,2,1,5,2,5,3,5,1,3,5,5,3,4,4,3,1,3,5,4,2,3,3,1,5,3,5,5,2
79,2,0,0,0,0,0,0,0,0,1,0,3,5,2,4,4,2,5,5,5,2,3,4,3,5,5,5,3,2,3,4,3,2,5,3,2,3,5,1,4,2
80,2,0,0,0,0,0,0,0,0,0,0,3,5,2,5,5,1,3,3,2,2,3,5,5,4,4,3,2,2,5,3,1,2,1,2,3,2,5,1,5,4
81,2,0,0,0,0,0,0,0,0,0,0,2,4,3,3,3,3,3,3,4,3,3,3,3,3,3,3,2,3,3,3,3,3,3,3,3,3,3,3,3,3
82,1,1,1,0,0,0,0,0,0,0,0,3,5,1,3,1,3,3,3,1,3,2,1,1,4,3,4,3,3,5,3,4,3,4,1,1,4,3,4,3,5
83,2,0,1,0,0,0,1,1,0,1,0,3,5,3,2,5,3,5,3,2,1,3,5,2,4,3,4,1,1,5,3,4,2,4,3,2,5,4,4,2,4
84,1,0,0,0,0,0,0,0,0,0,0,4,4,2,4,5,5,5,5,5,3,5,5,5,5,2,5,3,5,5,5,5,5,5,5,5,5,3,4,4,2
85,1,0,0,0,0,0,1,0,0,0,0,4,5,5,5,5,5,4,5,4,3,4,5,3,NA,5,4,3,2,4,3,4,4,3,2,5,5,4,4,2,5
86,2,0,0,0,0,0,1,0,0,0,0,2,4,4,3,5,4,3,4,4,4,4,4,2,5,4,5,2,2,4,2,5,2,4,2,2,3,4,4,2,4
87,2,1,0,1,0,0,0,0,1,1,0,3,5,3,1,4,1,3,2,2,1,1,2,1,5,2,3,3,2,5,5,1,4,1,3,3,4,3,3,1,1
88,1,0,0,0,0,0,0,0,0,0,0,3,4,4,3,2,1,3,3,1,3,2,3,2,4,4,2,1,2,5,1,3,2,1,1,2,3,4,2,4,4
89,2,0,0,0,0,0,0,0,0,0,0,1,4,3,3,2,2,2,1,2,1,3,2,1,4,1,4,2,1,5,2,5,3,1,3,3,3,3,3,3,3
90,2,0,0,0,1,0,1,0,0,1,0,3,3,2,4,4,3,4,3,4,3,2,5,3,4,3,3,3,1,3,3,2,2,4,2,2,3,2,2,3,2
91,2,1,0,0,0,0,0,0,0,0,0,3,3,2,3,2,2,3,2,5,4,4,4,4,4,3,3,4,4,4,4,4,4,4,4,3,4,4,4,4,4
92,1,0,0,0,0,0,0,0,0,0,0,5,5,5,NA,4,4,2,4,3,3,1,1,1,1,1,1,3,4,2,2,3,NA,4,2,3,3,2,4,3,5
93,2,0,0,0,0,0,0,0,0,0,0,3,5,2,1,3,3,3,2,1,2,3,4,3,3,4,4,2,1,4,2,2,2,2,2,1,4,3,1,1,2
94,2,0,0,1,1,0,0,0,1,1,1,4,4,5,4,5,3,5,5,5,2,5,4,4,5,4,4,3,5,5,4,5,2,5,3,5,2,3,5,4,3
95,2,0,0,0,0,0,0,0,0,0,0,3,4,3,2,3,2,3,3,2,3,2,2,2,4,3,4,3,1,4,2,3,3,2,2,2,4,2,3,1,3
96,2,0,0,0,0,0,0,0,0,0,0,3,2,5,5,5,2,3,4,4,3,3,3,2,4,4,5,2,3,3,3,2,3,1,1,3,3,5,2,1,5
97,2,1,1,1,0,0,1,1,1,1,0,5,5,1,3,5,3,4,2,4,2,4,4,4,3,2,5,3,4,4,4,5,3,4,4,3,NA,2,5,3,1
98,2,1,1,1,0,0,1,1,1,1,1,5,5,3,3,5,2,5,2,5,1,4,5,3,3,4,5,4,3,4,1,5,2,5,2,3,5,2,4,2,1
99,2,0,0,0,1,0,0,0,0,0,0,4,4,3,3,2,3,4,3,1,1,1,3,2,2,2,5,5,2,3,2,2,2,1,2,1,4,3,1,1,2
100,2,0,0,0,0,0,0,0,0,0,0,3,2,4,3,4,3,1,3,2,1,3,4,3,5,4,3,1,1,2,2,2,3,2,1,2,5,5,2,3,2
101,2,0,0,0,1,0,1,0,0,0,0,3,4,5,4,4,3,4,3,3,3,2,3,1,4,5,4,3,2,4,1,4,3,3,1,3,3,4,3,1,3
102,2,1,1,0,1,1,1,0,1,1,1,5,5,2,2,4,4,5,3,3,1,3,5,3,NA,2,4,3,2,5,3,4,4,2,4,3,5,2,2,3,2
103,2,0,0,0,0,0,0,0,1,1,0,3,3,3,3,3,3,3,3,3,4,3,2,2,2,3,4,2,3,3,NA,4,3,3,3,3,4,3,3,4,3
104,1,0,0,0,0,0,0,0,0,0,0,1,3,3,2,2,3,2,3,1,4,1,2,2,2,4,1,2,1,4,1,1,3,1,1,1,3,3,1,2,3
105,2,0,0,0,0,0,0,0,0,1,0,3,4,4,3,2,2,4,3,3,1,2,4,3,5,3,4,2,2,3,3,2,4,2,4,1,3,3,5,3,2
106,2,1,1,0,1,1,1,0,0,1,0,5,5,4,4,4,1,5,4,5,2,4,4,4,4,5,5,4,4,4,3,4,2,5,3,4,2,2,5,2,3
107,2,0,0,0,0,0,0,0,0,0,0,3,4,2,3,4,3,3,4,2,2,2,2,3,5,5,3,1,1,3,3,2,1,1,2,1,3,5,1,3,3
108,2,1,1,1,1,0,1,0,1,1,1,4,5,2,1,4,2,5,3,5,3,4,3,4,5,3,5,1,2,4,4,5,3,5,4,3,4,2,5,4,1
109,2,0,0,0,0,0,1,0,0,0,1,3,4,4,3,5,5,5,3,4,2,4,4,3,5,3,5,4,4,3,3,5,4,4,2,4,4,3,4,2,3
110,2,0,0,0,0,0,0,0,0,0,0,3,3,5,3,2,4,1,4,4,3,3,4,1,4,4,1,2,1,5,2,3,3,1,1,1,2,4,1,1,5
111,2,1,0,0,0,0,1,0,0,0,0,4,4,4,4,5,2,3,2,4,3,5,4,2,5,3,5,NA,NA,4,2,5,3,5,2,2,4,3,5,2,3
112,1,1,1,0,1,0,1,0,1,1,0,4,5,3,2,3,3,4,3,5,3,5,2,5,4,5,5,3,1,5,3,4,1,2,3,2,4,3,5,3,3
113,1,0,0,0,0,0,1,1,1,1,0,3,3,2,3,2,2,2,3,4,3,4,4,2,4,4,3,2,2,2,2,3,2,2,3,2,3,3,4,2,2
114,2,0,0,0,0,0,1,0,0,0,0,3,4,4,3,3,2,2,5,4,4,4,3,3,3,3,3,3,1,3,2,2,2,2,1,NA,NA,NA,NA,NA,NA
115,2,1,1,0,0,0,1,0,0,1,0,3,5,3,NA,4,2,3,3,4,2,3,4,4,4,5,4,2,2,5,2,4,2,2,3,2,4,4,2,3,3
116,1,0,0,1,0,0,0,0,0,0,0,3,2,4,1,4,3,1,2,5,4,2,3,1,3,4,3,1,1,3,2,1,2,4,2,2,2,3,4,1,3
117,2,1,0,0,1,0,1,1,0,1,0,5,5,4,4,5,1,5,4,4,1,1,4,4,5,3,5,3,2,5,2,3,1,5,1,2,5,2,3,1,4
118,1,0,0,0,0,0,0,0,0,0,0,4,5,1,1,2,4,1,2,1,1,1,4,4,2,4,4,1,1,4,2,2,2,1,3,1,4,3,1,2,1
119,2,0,0,0,0,0,0,0,0,0,0,3,5,1,1,2,3,2,3,3,1,1,3,3,3,3,2,1,1,3,2,1,3,2,4,1,4,4,2,5,2
120,2,0,0,0,0,0,0,0,0,0,0,4,5,1,1,3,5,4,2,2,3,1,4,4,2,5,3,3,1,5,3,1,2,1,3,1,5,3,1,5,2
121,2,0,0,0,0,0,1,0,1,0,0,4,4,3,3,2,3,1,1,3,2,1,2,2,5,4,2,1,1,4,2,2,3,1,2,2,4,4,3,1,2
122,1,0,0,0,0,0,0,0,0,0,0,4,4,2,3,3,5,3,2,1,3,3,4,4,2,3,3,3,1,5,3,2,3,1,4,2,3,5,1,3,2
123,2,0,0,0,0,0,0,0,0,1,1,2,3,5,5,3,1,2,5,5,3,2,2,1,5,5,4,2,3,3,1,4,2,5,1,4,3,3,5,1,5
124,2,0,0,0,0,0,1,0,0,0,0,3,3,3,4,3,3,2,4,2,3,2,2,2,4,4,2,3,3,3,2,2,2,2,2,2,2,4,2,2,3
125,1,1,0,0,0,0,0,0,0,1,0,3,2,4,1,3,3,2,4,5,3,2,3,2,5,4,4,1,1,3,2,3,4,2,3,4,2,5,4,1,4
126,2,0,0,0,0,0,0,0,0,0,0,1,5,3,3,4,2,3,3,2,2,2,3,2,3,3,2,2,2,2,3,3,2,2,3,3,4,2,2,1,2
127,2,0,0,0,0,0,0,0,0,0,0,4,5,4,3,4,3,4,2,1,3,1,2,1,3,3,3,3,1,5,3,1,3,1,2,1,3,2,1,1,3
128,1,1,0,0,0,0,1,0,1,0,0,2,3,4,1,2,2,3,4,3,3,3,2,1,4,3,3,1,1,3,2,2,1,1,1,4,3,3,4,1,2
129,1,0,0,0,0,0,0,0,0,1,0,4,3,4,2,5,4,5,3,3,3,4,3,1,4,5,4,3,2,2,3,4,1,2,2,3,2,2,3,1,3
130,2,0,0,0,0,0,1,0,1,1,0,5,5,1,1,5,3,5,2,4,1,4,5,4,5,5,5,4,2,5,3,5,2,5,1,2,5,3,2,1,1
131,2,0,0,0,0,0,1,0,0,0,0,5,3,2,1,5,5,5,2,1,1,1,5,2,1,3,5,5,4,5,5,5,3,4,4,2,5,2,2,5,5
132,2,0,0,0,0,0,0,0,0,0,0,3,3,2,4,3,3,2,2,4,2,3,4,2,5,2,3,3,5,4,4,4,3,3,4,3,4,4,3,2,3
133,2,0,0,0,0,0,0,0,0,0,0,5,5,3,4,3,NA,3,3,2,2,3,4,4,4,3,5,3,3,5,3,3,4,4,4,3,5,3,2,4,4
134,1,0,0,0,0,0,0,0,0,0,0,4,4,1,2,2,2,4,3,4,2,3,5,2,4,4,4,3,2,4,2,4,2,3,2,2,4,3,3,2,3
135,2,1,1,1,1,1,1,0,0,1,0,4,4,2,4,5,4,4,5,4,2,4,4,4,5,3,5,4,2,4,3,5,3,5,4,3,3,3,5,3,2
136,2,1,1,0,1,0,1,0,1,0,0,3,5,2,2,5,1,5,3,5,2,3,4,2,5,5,4,2,1,5,4,4,1,5,3,3,4,3,1,4,3
137,2,1,1,0,1,0,0,0,1,0,0,3,4,5,3,5,4,4,3,2,3,3,4,5,3,5,4,4,2,4,5,3,3,2,3,3,4,3,4,5,4
138,2,0,0,0,0,0,0,0,0,0,0,3,4,2,4,3,2,1,3,1,3,1,3,2,4,2,3,1,1,5,2,1,2,1,3,2,4,5,1,2,3
139,1,0,0,0,0,0,1,0,0,0,0,2,4,4,4,3,3,1,4,4,3,4,5,3,3,4,4,1,3,4,2,4,3,2,2,2,3,5,5,2,4
140,2,0,0,0,0,0,0,0,1,0,0,5,5,NA,4,4,5,5,5,4,3,2,5,4,4,5,5,5,3,5,3,5,5,3,4,5,4,3,3,3,2
141,2,1,0,0,1,0,1,1,0,0,1,3,4,1,1,3,3,3,1,2,2,4,4,3,3,4,4,2,2,4,3,4,2,4,2,3,3,3,2,4,2
142,2,1,0,0,0,0,0,0,0,0,0,3,3,3,3,3,3,3,3,3,3,3,3,3,3,3,3,3,3,3,3,3,3,3,3,3,3,3,3,3,3
143,2,1,1,0,0,0,0,0,0,0,0,3,5,3,1,5,5,4,1,2,2,2,2,2,3,2,5,3,3,3,2,3,2,2,2,3,3,4,3,4,4
144,2,0,0,0,0,0,0,0,0,0,0,5,1,1,5,5,3,5,5,5,3,5,5,3,5,5,5,5,5,5,5,5,3,5,5,3,5,1,1,1,1
145,2,0,0,0,0,0,0,0,0,0,0,2,3,2,1,3,3,3,4,1,4,1,4,4,5,3,2,1,1,3,3,4,4,4,4,1,3,3,4,5,2
146,2,0,0,0,0,0,1,0,0,0,0,3,5,5,1,1,1,3,5,1,1,1,3,3,5,5,5,5,3,3,1,1,5,1,1,5,5,5,1,5,5
147,1,1,0,0,0,0,0,0,0,0,0,3,4,3,2,2,4,2,4,3,3,3,3,2,4,4,4,3,2,3,2,2,2,2,2,3,2,4,3,4,3
148,2,0,0,0,0,0,0,0,0,0,0,2,5,5,1,5,4,5,3,1,2,5,5,5,5,5,5,1,1,5,1,1,1,1,1,4,4,4,3,1,1
149,2,0,0,1,1,0,1,0,1,1,0,2,5,5,1,1,1,2,3,4,2,1,3,1,5,5,4,2,1,5,1,1,1,2,1,1,5,4,4,1,5
150,1,0,0,0,0,0,0,0,0,0,0,3,5,4,4,1,3,1,3,1,4,1,2,1,4,5,2,2,1,5,1,1,2,1,1,1,4,4,2,1,3
151,2,0,0,0,0,0,0,0,0,0,0,3,5,4,3,2,3,4,3,3,2,4,4,2,5,4,5,4,1,5,4,4,2,1,2,2,4,3,5,3,3
152,1,1,0,0,1,0,1,1,0,0,0,4,5,3,3,4,4,4,4,5,4,5,5,4,5,5,5,2,2,5,3,5,2,5,2,2,2,3,2,4,3
153,2,1,1,1,1,0,1,1,1,0,1,2,5,4,2,4,3,3,2,1,3,1,4,1,5,4,3,3,1,2,1,2,2,1,1,1,2,4,2,3,1
154,2,1,0,0,1,0,0,0,1,0,0,3,4,3,3,3,3,4,3,3,2,4,4,2,4,3,4,3,2,4,3,5,4,4,2,2,4,3,3,3,4
155,1,0,0,0,0,0,1,0,0,0,0,2,4,4,2,2,3,1,2,2,3,2,4,1,3,3,2,1,1,5,1,1,2,1,1,1,3,4,2,1,3
156,1,0,1,0,0,0,0,0,0,0,0,3,1,4,NA,1,1,5,3,3,4,3,1,2,5,3,3,3,NA,4,2,1,3,5,1,3,3,3,1,1,3
157,2,1,1,0,1,0,0,0,1,1,0,4,5,2,5,5,3,2,3,2,1,5,5,5,3,2,4,3,4,5,5,5,4,3,4,3,4,2,4,3,1
158,1,1,1,0,0,1,1,1,1,1,0,5,5,2,2,4,4,5,2,3,4,3,5,3,4,3,4,3,2,5,3,2,5,2,3,1,4,4,3,4,3
159,1,0,0,0,0,0,0,0,0,0,0,3,5,1,2,3,5,5,2,1,1,1,5,4,2,2,2,3,2,5,3,1,3,1,3,1,5,2,1,4,2
160,2,0,0,0,0,0,0,0,1,0,0,3,3,2,1,2,2,2,2,3,2,1,2,1,4,4,1,1,1,4,1,1,1,1,1,1,3,5,1,1,2
161,2,0,0,0,0,0,0,0,1,0,0,3,3,3,3,4,3,4,3,4,3,3,4,3,3,4,4,2,2,3,2,2,2,2,2,3,3,3,3,3,3
162,2,0,0,0,0,0,1,0,0,0,0,5,5,2,5,5,3,5,2,5,2,5,5,5,3,2,5,4,2,5,5,5,5,5,5,3,5,3,5,5,2
163,2,0,0,0,0,0,0,0,0,0,0,3,4,4,3,2,NA,NA,1,2,3,1,3,2,2,3,3,2,1,1,1,1,1,1,1,1,2,5,5,1,3
164,2,0,0,1,0,0,1,0,0,0,0,4,5,4,4,4,1,4,4,5,2,3,4,2,4,4,3,3,3,4,3,4,2,3,2,2,4,4,4,2,4
165,2,1,0,0,0,0,0,0,1,1,1,3,4,3,4,1,1,3,4,3,3,2,2,1,4,3,3,1,1,4,2,1,3,1,2,2,3,NA,3,1,2
166,2,0,0,0,0,0,0,0,0,0,0,1,2,4,2,3,2,1,3,3,4,4,NA,2,4,3,4,3,1,3,2,4,3,1,2,3,2,3,4,1,4
167,2,0,0,0,0,0,0,0,0,0,0,3,4,3,3,4,2,2,3,2,2,2,4,2,3,4,4,1,1,4,2,2,1,1,1,2,3,4,2,3,2
168,2,0,0,0,0,0,0,0,1,0,0,3,4,4,3,3,2,2,3,4,2,4,5,4,4,4,5,3,3,3,3,4,2,4,1,2,4,3,2,1,5
169,2,0,0,0,0,0,0,0,0,0,0,2,4,4,5,3,2,4,4,4,4,3,2,2,3,4,2,1,1,2,2,3,2,1,1,2,2,4,4,3,4
170,2,0,0,0,0,0,0,0,0,0,0,2,5,4,2,5,NA,3,5,3,2,2,3,2,5,5,4,3,3,1,2,2,1,1,4,2,2,4,2,2,4
171,1,0,0,0,0,0,1,0,0,0,0,5,5,3,1,3,3,5,3,3,1,2,5,3,3,4,4,4,2,5,3,3,3,1,4,3,5,2,3,4,3
172,2,0,0,0,0,0,0,0,1,1,0,5,5,5,2,3,1,5,5,5,1,4,2,1,5,3,5,4,1,4,1,4,4,2,1,4,5,3,4,3,3
173,1,0,0,0,0,0,0,0,0,0,0,4,5,3,2,1,3,4,3,1,2,1,4,1,4,5,1,1,1,5,1,1,2,1,1,2,5,4,1,3,3
174,2,0,0,0,0,0,1,0,0,0,0,5,5,3,5,5,4,4,4,5,3,5,5,5,5,5,5,3,2,4,4,5,4,3,5,4,4,4,2,5,1
175,2,0,0,0,0,0,0,0,0,0,0,2,3,4,NA,4,3,3,1,3,3,2,4,4,NA,3,5,4,3,3,4,4,3,1,2,2,3,3,4,3,3
176,2,0,0,0,0,0,1,0,0,0,0,3,5,4,1,2,3,1,1,3,3,1,1,1,4,5,1,1,1,4,1,1,1,1,1,1,2,4,1,1,5
177,2,1,0,0,1,0,1,0,1,0,0,1,5,1,5,5,NA,5,3,5,1,5,5,1,5,5,5,5,5,5,3,5,1,5,1,3,5,1,5,1,5
178,1,0,0,0,0,0,1,0,1,0,0,3,4,5,2,3,3,4,4,4,2,5,4,2,4,4,5,2,1,4,2,4,2,4,3,3,5,4,5,2,3
179,1,0,0,0,0,0,1,0,0,0,0,5,5,3,2,3,4,3,1,1,1,2,4,3,3,5,3,3,1,4,4,1,2,1,3,3,5,4,3,2,3
180,2,0,0,0,1,0,0,0,1,0,0,3,5,5,4,5,3,4,3,4,3,4,4,3,4,5,5,3,2,5,2,3,2,4,3,2,4,3,2,2,5
181,1,0,0,0,0,0,0,0,1,0,0,5,3,2,2,5,3,5,2,4,2,3,5,5,3,1,5,4,2,3,4,4,4,3,5,3,3,2,1,5,3
182,2,1,0,0,0,0,0,0,0,1,0,3,5,2,2,5,2,3,2,4,2,5,4,4,3,4,5,3,2,5,5,5,3,3,5,1,5,4,5,4,4
183,2,0,0,0,0,0,0,0,0,0,0,1,2,3,5,1,1,1,5,4,4,4,1,1,5,3,5,2,3,2,1,3,4,3,1,2,2,5,5,1,3
184,2,0,0,0,0,0,0,0,0,0,0,3,5,3,5,3,3,3,2,2,3,5,4,1,5,5,5,2,2,4,1,4,1,2,1,1,2,5,1,1,4
185,1,0,0,0,0,0,0,0,0,0,0,3,2,3,3,1,2,4,3,1,3,3,4,2,4,5,3,3,1,3,1,1,1,1,1,3,2,4,1,2,3
186,2,1,0,0,0,0,1,1,0,1,1,5,5,2,1,5,5,1,1,1,1,1,4,4,2,3,1,1,1,5,5,5,2,1,2,2,5,5,1,1,1
187,1,0,0,0,0,0,0,0,0,0,0,3,4,4,2,2,2,2,3,2,4,2,2,2,3,4,3,1,1,3,2,1,1,1,1,1,1,4,1,1,4
188,1,1,0,0,0,0,1,0,0,0,0,2,5,3,4,2,3,1,4,2,4,2,2,1,4,4,4,1,2,5,2,3,2,3,1,2,5,4,3,1,3
189,2,1,0,0,1,1,1,0,1,1,0,4,4,1,1,5,3,4,1,5,3,5,5,5,5,3,5,5,3,4,2,5,3,5,3,3,4,2,5,1,1
190,2,0,0,0,0,0,1,0,0,1,0,3,5,2,2,5,3,4,4,5,2,3,4,5,3,2,3,3,2,5,4,4,5,5,3,2,4,2,4,3,2
191,1,0,0,0,0,0,0,0,0,0,0,3,4,4,4,1,1,3,3,1,3,1,2,1,5,5,1,2,1,5,1,1,2,1,1,1,3,3,1,1,5
192,2,1,0,0,0,0,0,0,0,0,0,5,5,3,1,5,3,4,2,2,1,3,5,4,5,4,5,4,1,5,2,4,2,4,4,1,5,3,4,4,2
193,2,0,0,0,0,0,1,0,0,0,1,3,4,3,4,4,1,3,1,4,2,4,4,4,4,4,4,1,1,4,2,4,2,5,3,1,3,3,1,1,3
194,2,0,0,0,1,0,0,0,0,0,0,4,5,4,1,5,4,3,3,3,4,5,5,5,4,5,3,2,1,4,4,5,2,4,4,3,4,4,4,1,3
195,1,0,0,0,0,0,0,0,0,0,0,3,3,5,2,5,1,4,4,5,3,5,3,4,5,5,5,3,4,3,5,5,2,5,1,4,3,3,5,NA,3
196,1,0,0,0,0,0,0,0,0,0,0,3,5,2,2,5,3,3,2,5,4,2,2,5,3,4,3,2,1,5,5,3,2,3,4,2,4,4,3,5,2
197,1,1,1,0,0,0,0,0,0,0,0,2,4,5,5,2,1,2,5,5,3,NA,1,1,5,5,5,2,1,4,1,1,2,4,1,3,1,2,5,1,4
198,1,0,0,0,0,0,0,0,0,0,0,2,4,4,3,2,2,2,3,1,4,2,3,2,4,4,1,1,1,4,2,1,2,1,2,1,2,5,2,1,4
199,1,0,0,0,0,0,0,0,0,0,0,2,4,5,5,4,4,3,5,5,4,5,3,1,5,4,5,4,3,5,1,5,2,5,1,4,3,3,5,1,5
200,1,0,0,0,0,0,0,0,0,0,0,1,3,5,2,1,3,1,2,1,3,1,1,1,3,5,1,1,1,3,1,1,2,1,1,2,2,4,1,2,5
201,1,0,0,0,0,0,0,0,0,0,1,3,3,3,3,1,2,4,3,1,2,1,5,2,2,2,2,4,3,3,2,2,2,2,2,2,3,3,2,2,2
202,2,0,0,0,0,0,0,0,0,0,0,2,3,3,2,2,3,2,2,2,2,1,2,1,2,3,2,2,1,2,2,1,2,1,2,2,2,3,2,2,3
203,2,1,0,0,1,0,1,0,0,0,0,5,5,1,5,5,1,5,5,5,1,2,5,2,NA,4,5,3,2,5,3,3,2,5,2,4,5,2,2,2,2
204,2,1,1,0,0,0,0,0,0,0,0,2,4,2,1,5,4,1,3,NA,4,4,4,5,4,3,5,3,1,5,1,5,3,4,2,4,3,4,2,3,3
205,2,0,0,0,0,0,0,0,0,0,0,4,4,4,3,3,2,4,4,3,2,3,4,3,5,4,5,3,4,4,3,4,2,3,3,4,4,2,2,2,3
206,1,0,0,0,0,0,1,0,1,1,0,2,4,5,1,2,2,4,4,2,2,3,3,3,3,3,3,2,3,3,1,3,3,1,1,3,3,3,3,3,3
207,2,0,0,0,0,0,0,0,1,0,0,2,5,4,3,1,5,1,1,1,1,1,3,2,2,5,1,1,2,4,1,1,1,1,1,1,5,4,1,1,5
208,2,0,0,0,0,0,1,0,0,0,1,4,5,3,3,3,1,3,3,1,1,4,5,3,5,3,5,4,4,4,4,2,2,2,3,1,5,3,1,3,3
209,1,0,0,0,0,0,0,0,0,0,0,2,4,4,1,1,2,3,3,1,2,NA,3,1,4,4,3,3,2,4,1,1,1,1,1,1,4,3,1,2,3
210,6,1,0,0,0,0,0,0,0,0,0,3,5,2,1,3,3,3,3,2,2,2,3,3,2,NA,3,3,3,3,3,3,3,3,3,2,3,3,2,4,3
211,2,0,0,0,1,1,0,0,1,1,0,5,5,5,4,5,3,5,2,5,2,5,5,2,5,5,5,5,5,5,5,5,2,5,5,5,5,2,5,2,2
212,1,0,0,0,0,0,1,0,0,0,0,3,5,3,2,3,4,3,2,1,4,1,3,3,3,5,4,2,1,5,2,2,1,1,1,3,4,5,1,3,4
213,2,1,0,0,1,0,0,0,1,0,0,4,3,3,4,5,1,4,4,5,3,5,4,4,4,3,4,3,4,4,3,5,3,5,4,4,2,3,5,4,3
214,2,0,0,0,0,0,0,0,0,0,0,1,4,5,5,5,2,3,3,5,3,5,3,3,4,3,5,3,2,5,4,5,3,3,2,4,2,3,5,1,4
215,2,1,1,1,0,0,1,1,1,0,1,2,5,5,3,1,4,1,3,1,4,2,2,1,4,5,2,1,1,5,1,2,1,1,1,4,3,4,1,1,5
216,2,0,0,1,0,0,1,0,0,1,1,1,5,5,5,4,4,2,5,4,3,5,5,3,4,4,3,1,4,5,5,1,4,1,1,2,3,2,4,4,4
217,2,0,0,0,0,0,1,0,0,0,1,5,4,1,3,5,3,1,5,5,1,5,5,2,5,NA,5,4,2,5,4,5,1,5,2,2,5,2,1,1,2
218,2,1,0,0,0,0,0,0,0,0,0,2,4,3,2,2,2,2,4,4,3,3,2,2,4,3,3,2,1,4,2,3,2,3,2,2,2,3,4,2,3
219,2,0,0,0,0,0,1,0,0,1,0,4,3,3,3,4,3,3,3,5,4,5,5,4,5,4,5,4,2,3,2,5,2,4,2,3,3,3,4,2,4
220,2,0,0,0,0,0,0,0,0,0,0,2,4,4,4,3,1,4,3,5,3,5,2,1,5,5,5,3,2,2,1,5,2,1,1,3,2,2,2,1,4
221,1,0,0,0,0,0,1,0,0,0,0,3,3,4,3,2,1,2,3,1,2,1,2,1,5,4,3,2,1,2,1,1,2,1,1,2,2,2,1,2,2
222,2,0,0,0,0,0,1,0,0,0,0,2,5,4,5,2,3,2,4,4,5,3,2,2,3,5,4,2,2,5,2,4,2,1,1,2,2,3,4,5,5
223,2,0,0,0,0,0,0,0,0,0,0,3,4,5,4,5,2,4,4,4,3,3,4,4,4,5,4,2,2,3,3,4,1,3,2,1,3,3,4,3,4
224,2,1,0,0,1,0,1,1,1,1,1,5,5,4,4,5,3,5,4,3,1,5,5,5,5,4,5,3,3,5,5,5,3,5,5,2,5,1,5,3,3
225,1,0,1,0,0,0,0,0,0,0,0,3,4,4,2,2,5,3,3,2,3,2,5,5,2,3,3,2,1,3,3,2,2,2,2,2,3,3,2,2,5
226,2,0,0,0,0,0,1,0,1,1,1,2,4,4,2,2,4,4,4,3,2,4,4,4,4,3,5,3,3,3,2,4,2,4,5,4,4,4,4,2,4
227,2,0,0,0,0,0,0,0,0,0,0,3,5,5,4,5,1,3,5,5,3,5,4,4,5,3,5,3,4,4,2,5,2,5,1,3,3,3,5,2,2
228,2,0,0,0,0,0,1,0,0,0,1,3,3,2,2,1,3,3,3,4,4,4,4,4,4,4,4,2,3,5,3,4,1,3,4,2,5,4,4,4,4
229,1,0,0,0,0,0,1,0,0,1,0,2,4,3,2,2,3,2,4,1,3,1,2,1,3,5,2,1,1,4,1,1,1,1,1,1,3,NA,1,1,3
230,2,1,0,0,0,0,0,0,0,1,0,4,4,2,5,5,4,4,5,5,2,4,4,4,5,2,5,3,2,5,3,4,2,5,3,1,4,2,3,1,2
231,2,0,0,0,0,0,0,0,0,0,0,1,3,5,5,1,3,1,5,1,5,1,1,1,5,5,1,1,1,5,1,1,1,1,1,1,1,5,2,1,5
232,2,1,0,1,0,0,1,1,0,0,0,4,5,1,1,4,4,5,2,1,1,2,4,1,3,3,5,4,1,2,1,1,3,1,3,1,5,1,2,1,2
233,2,0,0,0,0,0,1,0,0,0,1,3,5,4,2,5,3,4,2,2,1,4,5,2,2,1,5,3,3,4,2,5,5,2,2,4,4,3,4,2,1
234,2,0,0,0,0,0,1,0,0,0,0,3,NA,4,NA,4,2,4,3,4,2,2,4,1,1,4,4,4,1,4,1,1,1,2,1,2,3,2,4,2,3
235,2,0,0,0,0,0,0,0,1,0,1,4,5,3,5,5,2,1,4,5,2,2,3,2,5,3,4,1,NA,5,2,5,3,3,1,3,4,5,3,2,3
236,2,0,0,0,0,0,0,0,0,1,0,2,4,3,1,3,2,2,3,2,3,2,2,4,4,3,4,2,1,4,3,3,3,2,3,3,3,3,3,2,3
237,2,1,0,0,1,0,0,0,0,0,0,4,4,1,2,2,4,4,3,4,2,4,4,4,3,5,5,2,1,5,4,5,2,4,4,2,4,3,4,4,2
238,2,0,0,0,1,0,1,0,1,0,0,5,5,1,4,5,5,5,1,3,1,5,5,5,3,5,3,5,2,5,5,5,3,3,5,3,5,3,5,5,1
239,2,0,0,0,0,0,0,0,1,0,0,4,4,3,5,5,3,3,5,5,1,4,4,4,4,4,5,3,3,5,4,5,3,5,3,3,3,4,5,3,3
240,2,1,1,0,1,1,1,1,1,1,0,5,5,4,4,5,5,5,5,5,1,2,2,2,4,4,5,5,5,5,5,1,3,5,4,4,4,2,5,5,4
241,1,1,1,0,0,0,0,0,0,0,0,5,5,3,3,3,4,5,5,2,2,3,5,3,5,4,4,4,3,5,3,3,3,3,3,2,5,3,1,4,2
242,2,0,0,0,0,0,0,0,0,0,0,3,5,1,1,5,3,4,3,1,3,5,5,5,5,4,5,1,1,5,5,5,2,1,1,1,5,4,1,1,4
243,1,0,0,0,0,0,1,0,0,0,0,5,5,2,1,3,3,3,3,2,1,3,3,3,3,3,3,3,3,3,3,3,3,3,3,3,3,3,3,3,3
244,2,0,0,0,0,0,0,0,0,1,0,2,3,5,1,1,1,2,2,2,3,3,3,2,5,5,3,1,1,2,2,3,2,1,1,2,3,5,4,2,4
245,1,0,0,0,0,0,1,0,0,0,0,2,2,4,5,1,1,2,5,1,2,1,1,1,5,5,1,1,2,4,1,1,1,1,1,3,1,5,1,1,1
246,2,0,0,0,0,0,0,0,1,0,1,4,3,4,3,4,2,3,3,2,3,3,3,2,4,4,5,3,1,2,2,3,2,1,4,3,4,2,3,2,3
247,2,1,0,1,0,0,1,0,1,0,1,4,5,5,3,5,2,5,3,2,1,4,4,5,5,5,5,4,2,NA,4,5,2,2,1,1,5,3,3,3,5
248,1,0,0,0,0,0,1,0,0,1,1,2,4,4,5,2,2,2,4,3,4,2,2,3,5,5,2,1,2,3,1,3,1,2,1,3,3,5,3,2,5
249,2,1,0,0,0,0,0,0,0,0,0,3,3,3,2,1,3,3,2,4,5,2,4,2,2,2,5,3,1,4,1,2,4,4,2,1,5,3,4,1,3
250,2,0,0,0,1,0,1,0,1,0,0,5,5,2,1,5,3,5,2,2,2,2,5,5,3,2,5,4,3,5,5,3,5,4,5,3,4,2,5,3,2
251,2,0,0,0,1,0,1,1,1,1,0,5,5,2,5,5,3,5,5,5,1,4,5,5,5,4,5,4,1,5,5,5,3,5,5,2,5,3,4,5,1
252,2,0,0,0,0,0,0,0,0,0,0,2,2,4,5,3,1,3,4,5,4,5,5,2,5,3,5,4,4,4,5,5,3,4,3,5,3,3,4,2,4
253,2,0,0,0,0,0,0,0,0,0,0,1,3,3,4,1,2,1,3,2,2,2,1,2,4,4,1,1,1,3,2,3,1,2,3,1,3,3,2,4,2
254,1,0,0,0,0,0,0,0,0,0,0,1,4,5,5,5,2,3,4,5,5,3,3,1,5,5,3,2,4,5,2,4,2,4,1,3,2,4,3,1,5
255,1,0,0,1,1,0,1,0,1,0,0,5,NA,3,1,5,1,4,5,5,4,5,5,5,5,4,5,2,4,4,5,5,1,5,1,5,2,3,5,2,5
256,2,0,0,0,1,0,0,0,0,0,0,3,4,3,3,5,4,3,2,4,3,2,4,3,3,4,5,3,3,4,4,2,2,3,4,3,3,4,3,3,3
257,2,0,0,1,1,1,1,0,0,1,0,3,5,4,5,4,5,5,5,5,2,5,5,5,5,3,5,3,1,5,5,5,4,5,5,2,5,3,5,5,1
258,2,0,0,1,0,0,0,0,1,0,0,4,5,1,4,5,5,4,3,3,2,5,5,5,4,4,5,4,3,5,5,3,5,3,4,3,4,3,1,4,2
259,2,1,1,0,0,0,1,0,1,1,0,NA,NA,NA,NA,NA,NA,NA,NA,NA,NA,NA,NA,NA,NA,NA,NA,NA,NA,NA,NA,NA,NA,NA,NA,NA,NA,NA,NA,NA,NA
260,2,0,0,0,0,0,0,0,0,0,0,3,5,3,2,3,5,2,4,3,4,4,3,3,4,4,4,3,2,5,2,4,2,1,5,3,3,4,3,2,3
261,2,0,0,0,0,0,0,0,1,0,0,3,4,3,4,3,2,2,4,3,3,2,3,2,4,3,4,2,1,4,2,2,3,2,3,2,3,4,4,3,2
262,2,1,1,0,0,0,0,0,0,0,0,3,4,5,4,2,3,2,3,2,4,3,2,2,4,4,2,2,2,3,1,1,1,1,1,2,2,NA,3,4,4
263,1,0,0,0,0,0,1,0,0,0,0,1,3,5,5,3,1,1,5,1,3,4,3,1,5,3,3,1,1,5,1,1,1,1,1,1,3,5,4,1,5
264,2,0,0,0,0,0,1,0,0,0,0,4,4,3,3,3,2,4,3,4,2,3,4,2,2,2,3,3,1,3,2,3,3,2,2,2,2,3,2,2,3
265,2,0,0,0,1,0,0,0,0,0,0,4,4,1,2,5,2,4,3,5,4,5,5,5,3,4,5,4,1,3,4,5,2,5,5,3,3,2,5,2,1
266,1,0,0,0,0,0,0,0,0,0,0,2,4,2,2,2,3,2,2,3,3,1,3,2,3,3,2,3,1,3,2,1,2,1,1,2,2,4,2,2,3
267,2,0,0,0,0,0,0,0,0,0,0,3,5,4,3,5,3,3,3,4,1,2,5,4,5,4,5,3,2,5,3,5,2,3,3,3,5,3,2,NA,2
268,1,0,1,0,0,0,0,0,0,1,0,5,5,2,4,5,2,4,1,4,1,5,5,5,4,3,5,4,2,5,5,5,4,5,4,2,5,3,4,5,5
269,2,0,0,0,0,0,0,0,0,0,0,5,5,5,5,5,5,5,5,5,1,5,5,5,5,2,5,5,5,5,5,5,5,5,1,5,5,1,5,1,1
270,1,0,0,0,1,0,1,0,1,0,1,5,5,5,5,1,1,5,5,5,2,5,5,4,5,5,5,3,4,5,4,5,1,5,3,5,5,2,5,2,2
271,2,0,0,0,0,0,0,0,0,0,0,3,5,5,5,3,3,3,4,2,5,2,2,3,5,5,NA,1,1,5,3,3,3,3,3,1,1,1,1,1,1
272,2,0,0,0,0,0,0,0,0,0,0,3,5,1,5,4,2,2,4,1,1,2,5,4,5,5,2,1,1,5,2,1,2,1,1,1,4,4,3,3,2
273,1,0,0,0,0,0,0,0,0,0,0,3,4,2,4,1,4,2,2,2,3,2,3,2,3,3,3,1,2,3,2,2,2,1,2,1,2,2,3,2,3
274,1,0,0,0,0,0,0,0,0,0,0,1,1,1,1,1,1,1,1,1,1,1,1,1,1,1,1,1,1,1,1,1,1,1,1,1,1,3,NA,1,5
275,1,1,0,0,0,0,1,0,1,1,0,3,4,5,1,5,3,4,3,2,3,2,5,2,4,3,5,3,1,4,1,3,3,1,1,4,3,2,2,1,5
276,1,0,0,0,1,0,1,0,0,0,0,4,5,2,2,3,3,4,3,1,2,1,3,3,3,3,1,2,1,5,1,1,1,1,1,1,1,1,1,1,1
277,2,0,0,0,0,0,0,0,0,0,0,1,5,2,1,1,2,2,1,1,2,1,2,1,2,3,1,1,1,5,1,1,2,1,1,1,2,2,1,1,4
278,1,0,0,0,0,0,1,0,1,1,1,4,5,4,2,3,2,2,4,2,2,1,3,2,5,1,4,2,3,3,2,1,5,4,2,2,4,4,3,2,3
279,2,0,0,0,1,0,0,0,0,0,0,4,4,2,4,5,3,3,2,5,2,5,4,3,4,4,5,1,1,4,3,5,3,5,3,2,4,3,5,3,2
280,1,1,0,0,1,0,1,0,0,0,0,5,5,2,4,2,2,5,5,3,2,4,4,2,5,2,5,2,4,5,2,2,4,3,3,4,5,3,2,2,3
281,1,0,0,0,0,0,0,0,0,0,0,3,4,4,3,2,1,2,4,1,1,2,3,3,5,5,4,1,1,4,1,2,1,1,1,3,4,4,2,1,4
282,2,0,0,0,0,0,1,0,1,1,0,4,5,1,2,4,4,4,2,1,1,4,5,5,4,2,5,3,1,5,4,4,4,4,4,4,4,2,5,4,2
283,2,0,0,0,0,0,1,0,1,0,0,3,5,3,2,3,3,3,3,4,1,2,3,4,5,3,3,3,3,4,3,3,3,3,2,2,4,3,1,3,4
284,1,0,0,0,0,0,1,0,0,0,0,4,5,3,1,2,5,2,4,1,2,2,2,2,4,3,1,2,1,5,2,3,2,1,4,1,5,3,2,2,3
285,2,1,1,0,0,0,0,0,0,0,0,3,4,2,2,1,2,3,3,5,3,2,1,1,4,5,5,2,1,4,1,2,2,1,1,1,2,3,3,1,3
286,2,1,1,0,0,0,0,0,0,0,0,3,3,5,3,4,2,3,4,4,4,4,5,4,4,4,5,3,3,3,3,3,3,3,3,3,3,3,5,3,3
287,2,0,0,0,0,0,0,0,1,0,0,4,5,2,1,4,2,3,3,5,3,4,5,4,3,5,4,2,1,5,4,4,1,2,1,1,3,3,4,1,4
288,2,0,0,0,0,0,0,0,0,1,0,1,2,5,1,3,1,5,5,5,3,5,5,1,5,5,5,3,1,4,1,4,3,3,1,2,1,3,3,1,3
289,2,0,0,0,0,0,0,0,0,0,0,4,5,5,5,3,4,3,5,3,4,4,4,4,5,5,5,2,1,5,1,1,1,1,1,3,5,5,1,1,5
290,2,0,0,0,0,0,1,0,0,0,0,3,3,3,3,3,3,4,3,4,2,5,2,2,5,2,4,3,4,4,4,5,4,4,2,3,3,3,3,3,NA
291,2,1,1,0,1,0,1,0,0,1,0,4,2,2,2,4,4,4,1,3,3,1,3,2,3,4,4,4,1,3,3,4,2,3,3,3,3,2,4,1,2
292,2,0,0,0,0,0,0,0,0,0,0,4,3,3,3,4,3,4,4,2,2,4,4,2,4,5,4,3,2,4,2,3,2,3,2,2,4,2,2,2,4
293,2,0,0,0,0,0,0,0,0,0,0,1,5,3,3,1,3,3,3,1,1,1,3,1,4,3,1,1,1,3,1,1,3,1,1,1,5,3,1,1,3
294,2,0,0,1,0,0,0,0,0,0,0,3,5,2,3,4,2,4,4,5,3,5,4,4,5,5,5,4,1,5,3,4,1,3,2,1,3,4,5,3,3
295,2,0,0,0,0,1,1,0,1,1,0,3,5,3,2,5,4,4,2,3,3,4,3,3,3,4,4,2,1,5,4,4,2,2,3,2,4,3,4,4,2
296,2,0,0,0,0,0,1,1,0,0,0,3,5,1,1,4,3,4,1,4,1,3,3,3,3,3,3,2,1,5,5,3,1,1,4,2,5,4,2,3,1
297,2,0,0,0,0,0,1,0,0,0,0,3,5,3,2,5,4,5,4,NA,1,2,2,3,5,3,5,3,3,5,2,1,2,3,3,3,2,3,1,3,3
298,2,1,1,0,1,0,0,0,1,0,0,4,4,2,2,4,3,4,3,5,2,5,5,5,3,2,5,4,3,5,4,5,4,5,3,2,4,2,4,2,2
299,2,0,0,0,0,0,0,0,0,0,0,2,3,4,4,2,2,2,4,3,4,1,1,1,4,5,1,1,1,1,1,1,1,1,1,3,1,5,1,1,5
300,1,0,0,0,0,0,0,0,1,0,1,3,5,3,1,2,1,2,2,3,2,4,2,1,4,5,5,3,1,5,2,4,1,2,1,3,2,1,2,1,3
301,1,0,0,0,0,0,0,0,0,0,0,3,2,4,4,2,5,1,5,3,4,2,3,1,5,4,2,1,2,4,1,3,2,1,2,2,2,5,4,1,5
302,2,0,0,0,0,0,0,0,0,0,0,3,5,5,4,4,2,2,4,5,4,5,4,3,4,5,5,4,4,4,1,5,1,5,1,5,3,3,5,4,4
303,2,0,0,0,0,0,1,0,1,0,1,1,5,2,1,4,3,1,2,1,2,1,4,2,2,3,1,1,1,5,1,1,2,1,1,1,3,5,1,1,3
304,2,0,0,1,0,0,0,0,0,0,0,1,3,4,2,2,4,3,1,4,3,2,3,1,2,5,2,2,1,4,4,2,2,1,2,3,3,4,2,5,4
305,2,1,1,0,1,0,1,1,0,0,0,2,5,2,1,5,2,4,2,5,1,4,4,4,2,4,5,4,1,5,1,5,1,5,1,4,2,2,4,4,2
306,2,1,1,0,1,0,1,0,0,1,0,5,5,5,3,5,5,5,1,5,1,5,5,5,2,5,5,5,3,2,5,5,1,5,3,3,5,1,5,5,4
307,2,0,0,0,0,0,1,0,0,1,0,3,4,3,3,2,4,1,1,1,3,1,3,3,3,3,2,1,1,3,2,2,4,1,2,2,2,5,1,2,4
308,2,0,0,0,0,0,1,0,0,0,0,2,5,3,4,2,1,3,4,4,3,3,3,2,4,4,4,3,2,5,2,3,2,3,2,2,3,3,3,2,2
309,2,0,0,0,0,0,0,0,0,0,0,3,4,4,5,4,2,3,4,4,2,3,4,4,4,4,3,2,3,4,3,4,2,4,3,3,4,2,4,3,2
310,2,1,0,0,0,0,0,1,1,1,0,3,5,5,5,2,1,3,3,3,1,3,3,3,5,5,5,3,3,5,3,3,2,2,2,2,2,2,2,2,4
311,1,0,0,0,0,0,0,0,0,1,0,3,5,5,2,3,4,3,3,3,3,3,3,4,4,2,4,2,1,5,3,3,3,2,2,2,4,4,4,3,3
312,2,1,0,1,1,1,1,1,0,1,0,5,5,5,4,5,4,5,3,2,2,4,3,5,4,4,5,4,3,5,5,5,3,5,3,4,5,3,4,5,4
313,1,0,0,0,0,0,0,0,0,0,0,4,5,4,5,5,3,4,4,2,3,2,4,2,3,3,5,3,2,3,1,2,3,1,1,1,5,3,1,2,4
314,2,0,0,0,0,0,0,0,0,0,0,4,5,3,3,4,1,3,4,1,2,3,1,1,5,5,2,1,2,5,1,2,1,1,1,1,4,5,1,1,5
315,2,0,0,0,0,0,0,0,1,1,0,3,3,2,4,3,4,3,3,2,3,2,3,2,4,4,2,1,1,4,1,2,1,1,2,1,3,3,1,4,2
316,2,1,0,0,0,0,0,0,0,0,0,4,3,3,5,5,3,4,4,5,3,5,5,2,5,4,5,4,5,3,3,5,2,5,4,4,3,1,5,3,3
317,2,1,0,0,1,0,1,0,1,0,0,5,5,1,1,5,2,5,2,4,1,4,5,4,2,5,5,5,1,5,5,5,2,4,5,2,5,1,5,5,1
318,1,1,0,0,1,0,0,0,1,0,0,4,5,1,4,3,5,5,5,5,1,2,5,4,5,4,5,3,1,5,2,2,3,3,3,1,5,5,2,4,5
319,2,0,0,0,0,0,1,0,1,1,0,2,3,4,3,5,2,3,1,4,2,4,5,3,3,1,4,2,1,4,1,5,NA,1,1,1,3,4,3,1,2
320,2,1,1,1,0,0,1,1,1,0,0,5,5,3,1,5,3,5,2,1,1,3,5,5,3,2,3,5,1,5,4,4,3,4,3,3,5,1,2,3,2
321,2,0,0,0,0,0,0,0,0,0,0,3,4,5,4,4,3,4,5,3,2,5,3,3,5,4,5,2,4,3,2,5,2,5,1,5,3,5,5,2,5
322,2,0,0,0,0,0,0,0,0,0,0,2,2,2,2,2,2,2,2,4,4,4,4,4,4,4,4,3,3,4,3,4,3,4,3,3,3,3,3,3,3
323,2,0,0,0,0,0,0,0,0,0,0,3,3,3,1,4,4,5,NA,2,4,3,5,3,4,4,4,4,2,4,4,4,3,4,3,2,4,4,2,2,3
324,1,1,0,0,0,1,1,1,1,1,0,3,2,5,2,1,1,3,5,5,4,3,3,1,5,4,5,1,1,3,1,5,2,4,1,3,2,4,4,2,5
325,2,1,0,0,1,0,0,0,0,0,0,4,5,3,2,5,5,5,2,2,2,1,5,3,5,4,3,4,1,5,3,3,5,3,2,1,5,2,1,5,4
326,2,0,0,1,0,0,0,0,1,0,0,3,4,5,1,2,2,5,3,5,2,5,4,2,5,2,5,4,1,4,4,5,5,5,3,3,4,2,5,4,4
327,2,0,0,0,0,0,0,0,0,0,0,1,5,5,1,3,1,1,3,1,3,1,3,3,5,3,5,3,1,5,3,3,3,1,1,3,5,3,1,3,3
328,2,0,0,0,0,0,0,0,0,0,0,5,5,NA,3,5,5,5,3,5,1,5,5,5,3,5,5,5,5,5,3,5,1,4,5,5,5,1,5,5,1
329,2,1,0,0,0,0,0,0,0,0,0,5,5,1,3,5,4,5,2,5,2,4,4,4,5,4,5,3,4,5,3,4,3,1,4,4,5,3,1,4,2
330,2,0,0,0,0,0,1,0,1,0,0,4,5,1,2,5,4,5,1,2,2,3,5,4,2,4,5,4,1,5,2,3,3,2,5,2,5,3,1,5,1
331,2,1,0,0,0,0,0,1,0,0,0,3,5,3,2,3,4,3,2,2,2,1,3,3,4,4,4,2,2,3,4,4,1,2,4,2,2,2,2,3,2
332,2,0,0,0,0,0,1,0,0,0,0,4,5,3,5,1,1,2,5,1,1,1,3,NA,1,1,3,1,1,4,1,1,5,1,1,1,4,4,1,1,4
333,2,0,0,0,0,0,1,1,1,0,1,5,4,4,4,4,3,5,3,5,2,5,5,4,4,3,5,3,4,4,3,5,3,5,4,4,5,3,4,3,4
334,2,0,0,0,0,0,0,0,0,1,1,1,4,5,1,1,2,4,2,1,4,2,3,3,4,4,4,1,1,5,2,1,1,1,1,1,1,4,1,1,5
335,1,0,0,0,0,0,0,0,0,0,0,1,3,3,3,1,3,1,1,1,1,1,1,1,1,4,1,1,1,1,1,1,1,1,1,1,1,1,1,1,1
336,1,0,0,0,0,0,0,0,0,0,0,4,4,2,5,5,4,5,5,5,4,5,5,5,4,5,5,3,5,5,5,5,5,3,5,3,4,3,4,5,3
337,2,0,0,0,0,0,1,0,0,0,0,1,5,5,5,3,1,1,5,3,1,3,3,2,5,3,2,2,4,5,2,3,3,4,2,3,5,2,2,1,4
338,2,0,0,0,0,0,0,0,0,0,0,5,5,5,4,4,3,3,4,5,1,3,3,2,4,4,5,3,2,4,2,4,2,5,2,2,5,4,5,3,3
339,2,1,1,0,0,0,1,0,1,1,1,1,1,4,2,1,1,1,1,1,2,1,2,2,2,3,3,1,1,4,1,1,1,1,1,1,2,2,1,3,2
340,2,1,0,0,1,0,1,1,1,1,1,4,4,4,4,2,4,2,2,2,2,4,5,5,4,4,4,1,1,4,3,4,3,4,2,2,4,5,2,2,4
341,2,0,0,0,0,0,0,0,0,1,0,5,5,3,1,4,3,4,2,5,2,3,5,4,4,5,5,1,1,2,4,2,1,4,2,4,2,5,1,4,5
342,2,0,0,0,1,0,1,1,1,1,0,5,5,4,2,4,4,5,4,4,2,4,4,4,4,4,5,3,2,4,4,4,4,5,4,5,4,2,4,3,2
343,2,1,0,0,1,1,1,0,1,1,0,4,5,2,1,4,5,5,2,4,2,4,4,4,4,4,5,2,1,5,4,5,3,3,3,2,5,3,5,4,2
344,1,0,0,0,0,0,0,0,1,0,1,NA,5,NA,NA,4,5,5,5,4,4,5,5,NA,5,4,5,4,4,5,4,5,5,4,5,5,5,5,5,5,5
345,2,0,0,0,0,0,1,0,0,0,0,1,5,3,5,3,4,2,5,4,1,1,4,1,5,5,3,1,1,3,1,3,1,1,1,1,5,5,1,1,4
346,1,0,0,0,0,0,1,0,0,0,0,3,5,5,1,4,5,5,3,3,NA,4,4,2,4,4,4,2,2,4,2,4,2,4,1,3,3,5,5,5,4
347,2,1,0,0,0,0,0,1,1,0,1,3,5,3,1,3,4,4,2,4,2,1,5,2,4,4,1,2,1,4,1,1,1,1,1,1,4,4,1,1,1
348,2,0,0,0,0,0,0,0,0,0,0,2,5,3,5,5,1,2,5,1,1,1,2,2,5,4,1,2,1,4,2,1,1,1,1,1,4,3,1,1,5
349,2,0,0,0,0,0,0,0,0,0,0,3,5,4,3,3,3,3,4,2,3,4,3,2,5,3,4,2,2,3,3,3,3,3,3,4,4,4,2,2,4
350,2,0,1,0,0,0,1,0,0,0,0,4,5,3,1,3,3,2,4,3,1,2,2,2,4,1,1,1,1,5,4,1,1,1,3,1,5,4,1,5,3
351,2,1,0,0,0,0,0,0,0,1,0,4,4,5,5,5,2,3,5,5,3,2,4,2,5,5,5,2,3,4,4,2,2,4,2,5,4,4,5,1,4
352,2,0,0,0,0,0,0,0,0,0,0,3,4,4,1,2,2,2,2,2,2,2,2,2,2,2,2,2,2,2,2,2,2,2,2,2,2,2,2,2,2
353,2,0,0,0,0,0,1,0,0,1,0,3,5,4,2,4,2,4,2,2,3,3,4,NA,4,2,5,1,3,5,4,4,3,1,3,4,3,5,4,3,3
354,1,0,0,0,0,0,0,0,0,0,0,3,3,3,4,4,4,3,4,4,3,4,4,2,2,3,3,2,4,3,2,3,3,4,1,2,1,4,2,3,4
355,1,0,0,0,0,0,1,0,0,0,0,3,4,4,NA,1,4,4,NA,4,5,NA,3,NA,NA,5,4,1,NA,NA,4,1,1,4,2,1,1,4,3,NA,3
356,1,0,0,0,1,0,0,0,0,0,0,1,4,4,4,4,2,1,1,1,3,4,3,2,1,3,4,3,2,3,2,3,2,3,2,2,3,3,3,3,5
357,2,0,0,0,1,0,1,0,1,1,0,5,5,1,2,4,5,3,4,3,3,4,5,4,4,3,2,1,1,5,3,3,3,2,4,2,3,3,4,5,3
358,2,0,0,0,0,0,0,0,0,0,0,4,5,4,1,5,4,5,2,2,1,1,5,5,2,3,5,3,1,5,5,2,3,4,3,3,4,3,2,2,3
359,1,0,0,0,0,0,0,0,0,0,0,3,5,3,4,4,3,3,3,3,2,1,5,5,4,3,3,2,2,4,3,2,5,1,2,3,4,4,3,5,3
360,1,0,0,1,1,0,1,0,1,1,0,3,3,5,4,1,2,2,5,2,3,1,2,2,5,3,2,2,3,3,2,2,3,2,1,4,3,3,2,2,5
361,2,0,1,0,0,0,0,0,0,0,0,3,5,3,5,5,3,3,4,4,2,3,3,3,3,5,3,3,2,5,3,4,3,2,4,2,4,3,3,2,2
362,2,0,0,0,0,0,1,0,0,0,0,4,3,1,1,5,3,5,1,4,1,NA,5,5,5,5,5,3,1,3,5,5,1,3,5,2,3,4,5,NA,1
363,2,1,1,0,1,0,1,1,1,1,0,3,4,3,2,5,3,4,3,5,4,5,4,5,5,2,5,4,4,4,5,5,4,5,4,5,4,4,5,2,4
364,1,0,0,0,0,0,0,0,1,1,0,5,5,2,4,5,3,4,4,4,2,4,4,2,4,4,4,2,3,4,3,4,4,4,3,2,3,3,5,2,4
365,2,0,0,0,0,0,0,0,0,0,0,4,3,5,5,5,2,3,3,5,3,5,5,5,4,5,5,3,3,3,4,5,2,4,3,3,3,3,5,1,3
366,2,0,0,0,0,0,1,0,1,0,0,3,2,3,1,4,4,4,2,3,3,2,4,3,2,3,4,3,2,4,2,3,2,2,3,3,4,3,3,3,2
367,1,1,0,0,0,1,1,0,0,1,0,4,4,4,2,4,2,2,4,4,1,4,4,4,4,3,5,2,1,3,3,4,3,3,3,4,3,3,4,3,3
368,1,0,0,0,1,0,0,0,0,0,0,4,4,4,4,4,3,3,3,1,4,3,4,4,3,3,3,3,3,4,3,4,3,1,2,3,3,4,2,1,3
369,2,1,0,0,0,0,1,0,1,0,0,3,5,2,2,5,5,5,5,5,3,4,5,5,5,5,3,2,1,5,5,3,1,5,4,1,5,2,4,5,2
370,2,0,0,0,0,0,0,0,0,1,0,2,3,3,4,2,2,5,3,5,5,2,4,2,3,5,5,3,1,5,1,2,1,5,1,1,2,5,5,1,5
371,2,0,0,0,0,0,0,0,1,0,0,3,5,4,2,3,3,2,3,3,3,3,4,4,4,3,4,3,1,4,3,3,3,1,1,1,3,3,4,1,3
372,1,0,0,0,0,0,1,0,0,0,0,2,3,4,3,5,4,4,3,4,3,4,4,1,3,3,4,3,2,4,1,4,1,4,2,2,3,4,4,2,3
373,2,0,0,0,0,0,0,0,0,0,0,4,3,4,5,4,1,4,4,5,4,3,3,2,5,2,5,2,1,2,3,2,2,2,1,2,2,5,3,1,4
374,1,0,0,0,0,0,0,0,0,0,0,2,3,2,1,2,4,3,1,1,2,1,3,1,2,4,2,1,1,2,1,1,2,1,1,1,3,2,1,2,3
375,1,0,0,0,0,0,0,0,0,0,0,4,4,4,4,3,5,2,3,2,1,3,3,3,4,2,4,2,1,5,2,2,5,1,3,3,4,5,1,2,4
376,1,0,0,0,0,0,1,0,0,0,0,4,5,1,1,5,2,5,3,5,1,2,5,4,1,5,5,5,2,4,5,3,1,1,5,5,1,1,4,4,1
377,1,0,0,0,0,0,1,0,0,0,0,4,4,2,2,5,4,4,3,4,2,5,5,5,3,3,5,4,2,5,1,5,4,4,1,3,NA,2,5,4,3
378,1,0,0,0,0,0,0,0,1,0,0,4,4,2,1,5,3,4,2,2,1,3,4,3,2,4,5,3,1,2,4,3,2,3,4,2,5,3,4,2,1
379,1,0,0,0,0,0,0,0,0,0,0,2,5,2,1,1,4,1,5,4,4,2,1,1,5,5,4,1,1,5,1,1,1,1,1,1,1,NA,4,1,5
380,1,0,1,0,0,0,0,0,0,0,0,4,5,1,3,2,3,5,1,3,2,5,5,3,4,5,5,3,4,5,3,4,2,4,2,3,4,2,4,5,4
381,2,0,0,0,1,0,0,0,0,0,0,5,5,3,2,5,3,5,5,5,2,5,5,3,4,3,5,5,3,4,5,5,3,4,2,3,4,2,4,2,3
382,2,0,0,0,0,0,0,0,0,0,0,2,4,2,4,3,4,5,2,1,1,3,5,1,3,2,4,2,1,4,2,3,3,1,2,2,4,2,1,2,2
383,2,1,1,0,1,0,0,1,0,0,0,3,4,5,2,5,2,4,2,2,2,4,5,5,2,NA,4,4,4,3,4,4,4,5,4,3,3,2,5,5,4
384,2,0,0,1,0,0,0,0,0,0,0,3,3,3,3,5,1,3,5,5,3,5,4,4,5,3,5,3,4,3,4,5,4,5,4,5,4,3,4,2,3
385,2,1,0,0,1,0,0,0,1,1,0,5,5,2,2,2,3,5,1,5,1,4,5,4,4,5,3,4,2,5,5,5,1,5,2,1,5,3,5,4,2
386,1,0,0,0,0,0,1,0,0,0,0,4,5,3,5,4,3,2,4,5,2,3,3,4,4,4,3,2,3,3,2,4,3,4,3,3,4,4,4,3,4
387,2,1,0,0,0,0,0,0,0,0,0,5,2,2,1,1,5,5,3,5,1,2,5,5,5,3,5,1,1,2,1,2,1,1,2,1,5,2,1,5,5
388,2,1,1,0,1,0,1,1,1,1,0,2,5,4,5,5,1,5,1,5,1,5,5,5,5,3,5,3,5,5,5,5,3,5,2,4,2,1,5,1,1
389,2,1,0,0,0,0,0,0,0,0,0,1,5,5,3,2,3,1,4,1,2,2,3,2,NA,4,4,1,2,4,2,2,3,2,1,2,3,4,1,1,4
390,2,1,1,0,0,0,0,0,0,0,0,3,5,5,3,5,3,1,4,4,1,5,4,4,5,4,5,4,3,4,5,5,3,5,2,3,5,3,4,2,4
391,2,1,0,0,1,0,0,0,0,0,0,5,5,2,3,5,4,5,5,5,1,5,5,3,4,4,5,3,1,5,4,5,2,4,3,1,4,3,4,1,3
392,1,0,0,0,0,0,1,0,1,1,0,NA,NA,3,3,3,3,3,3,3,3,NA,3,NA,2,3,2,3,1,3,2,2,3,2,2,1,2,2,3,2,3
393,2,0,0,0,0,0,1,0,0,0,1,3,5,2,1,1,3,3,1,1,3,1,3,2,1,3,3,2,1,5,1,1,3,1,2,3,3,3,1,2,3
394,2,1,0,0,1,1,1,0,1,1,0,3,2,5,5,2,1,2,5,3,NA,1,1,1,5,4,3,3,4,3,1,2,3,2,1,4,2,3,4,1,5
395,1,0,0,0,0,0,0,0,0,0,0,3,4,1,2,5,1,4,4,5,3,4,5,4,4,4,4,3,1,4,4,4,4,2,3,2,4,4,4,3,3
396,2,1,1,1,1,1,0,0,1,1,1,5,5,1,NA,5,NA,5,NA,5,1,5,5,5,NA,1,5,5,5,5,5,5,5,5,5,5,5,1,5,1,1
397,2,0,0,0,0,0,0,0,0,0,1,1,4,2,4,2,4,3,NA,1,2,1,3,NA,4,5,5,1,1,1,1,2,1,3,1,NA,3,3,1,1,2
398,1,0,0,0,1,0,0,0,0,0,0,5,5,3,4,5,5,5,5,5,2,5,5,5,5,3,5,4,3,5,3,5,5,5,4,5,5,3,5,1,5
399,2,0,0,0,0,0,0,0,0,0,0,3,4,3,2,2,5,3,2,2,3,4,4,2,3,4,4,2,1,3,3,2,2,1,3,2,4,4,3,2,3
400,2,1,0,0,0,0,1,0,1,1,0,2,5,2,5,4,2,4,4,5,1,5,5,2,5,5,5,2,1,5,2,5,1,5,1,1,5,2,2,1,2
401,2,0,0,0,0,0,0,0,0,0,0,3,4,4,3,5,3,5,2,4,2,4,4,4,4,4,5,3,1,4,4,4,2,4,3,3,4,3,5,3,2
402,2,0,1,0,0,0,1,0,1,0,0,3,4,2,3,1,2,3,3,2,3,2,3,3,5,3,5,3,2,5,5,3,5,1,4,3,5,3,1,4,5
403,2,0,0,0,0,0,0,0,0,0,0,4,4,2,2,3,2,3,2,2,1,3,4,2,3,2,3,3,2,4,2,2,3,1,2,2,5,2,2,2,2
404,2,1,0,1,1,0,1,0,0,1,0,5,5,1,1,5,1,5,1,5,1,4,5,5,2,4,5,5,1,5,5,3,2,4,4,NA,5,1,1,4,2
405,2,0,0,0,0,0,0,0,0,0,0,NA,NA,NA,NA,NA,NA,NA,NA,NA,NA,NA,NA,NA,NA,NA,NA,NA,NA,NA,NA,NA,NA,NA,NA,NA,NA,NA,NA,NA,NA
406,2,0,1,1,0,0,1,0,0,0,0,4,5,3,3,3,2,4,3,2,1,2,2,2,4,3,3,3,2,5,3,2,3,5,2,3,3,2,4,2,4
407,2,0,0,1,0,1,1,1,1,1,1,3,5,3,3,1,1,2,4,2,1,1,1,1,4,3,1,2,1,2,2,2,1,1,1,1,1,3,1,2,1
408,2,1,0,0,1,0,1,0,0,1,0,2,4,4,4,3,2,2,3,4,3,2,2,3,4,4,4,1,2,4,2,3,2,3,2,2,2,5,4,3,4
409,2,0,0,0,0,0,0,0,0,0,0,4,4,4,2,2,NA,2,2,1,4,4,4,4,4,4,4,1,2,3,3,3,3,1,2,2,3,4,4,2,3
410,2,1,1,0,1,0,1,0,1,0,1,5,5,1,5,5,5,5,NA,5,1,5,5,1,5,1,5,5,1,5,5,5,5,5,3,1,5,1,5,5,3
411,1,0,0,0,0,0,1,0,0,0,0,4,5,4,5,2,5,3,5,5,5,3,2,1,5,5,4,1,1,5,1,2,1,3,1,4,5,5,4,1,5
412,1,0,0,0,0,0,1,0,0,0,0,2,3,NA,3,3,4,2,3,2,4,4,3,4,5,3,3,1,2,5,2,4,3,1,3,3,3,3,4,3,5
413,2,0,0,0,1,0,0,0,0,0,0,3,4,2,3,4,3,4,4,4,2,3,4,2,4,4,4,3,1,4,3,4,2,3,3,2,3,3,3,2,2
414,2,0,0,0,0,0,1,0,1,0,1,2,4,3,3,2,2,3,3,5,3,2,2,3,5,4,5,1,2,4,3,3,3,1,1,2,4,4,3,1,1
415,2,0,0,0,0,1,1,0,1,1,0,5,5,3,3,2,5,5,5,3,2,3,3,2,5,5,3,3,2,NA,3,3,1,4,2,2,4,2,2,1,3
416,2,0,0,0,0,0,0,0,0,0,0,2,5,4,4,3,2,5,2,5,1,2,2,1,5,5,5,3,1,5,1,2,1,1,1,1,5,3,5,1,3
417,2,0,0,0,0,0,0,0,0,0,0,3,4,4,3,3,4,2,2,4,4,2,3,2,3,3,2,2,2,4,2,2,3,1,1,1,3,4,3,1,4
418,2,1,1,0,1,0,1,0,0,0,1,3,4,2,5,5,2,4,5,5,2,3,4,4,4,3,5,2,4,4,3,5,2,5,2,4,5,2,1,3,4
419,1,0,0,1,0,0,1,0,0,1,0,3,2,5,5,5,2,3,4,5,3,5,3,1,5,4,5,3,5,3,1,5,3,5,2,2,3,3,4,1,5
420,2,1,0,0,1,0,1,0,0,1,0,2,3,5,4,5,3,4,4,5,4,5,5,4,5,3,5,2,5,4,1,5,3,5,2,5,2,3,4,1,5
421,2,0,0,0,1,0,0,0,0,0,0,5,5,3,1,4,3,5,2,2,1,5,5,5,2,1,5,3,1,5,4,4,4,2,3,2,5,1,1,5,2
