"","B_COUNTRY","Q39"
"1",246,1
"2",246,1
"3",246,1
"4",246,1
"5",246,1
"6",246,1
"7",246,1
"8",246,1
"9",246,1
"10",246,1
"11",246,1
"12",246,1
"13",246,1
"14",246,1
"15",246,1
"16",246,1
"17",246,1
"18",246,1
"19",246,1
"20",246,1
"21",246,1
"22",246,1
"23",246,1
"24",246,1
"25",246,1
"26",246,1
"27",246,1
"28",246,1
"29",246,1
"30",246,1
"31",246,1
"32",246,1
"33",246,1
"34",246,1
"35",246,1
"36",246,1
"37",246,1
"38",246,1
"39",246,1
"40",246,1
"41",246,1
"42",246,1
"43",246,1
"44",246,1
"45",246,1
"46",246,1
"47",246,1
"48",246,1
"49",246,1
"50",246,1
"51",246,1
"52",246,1
"53",246,1
"54",246,1
"55",246,1
"56",246,1
"57",246,1
"58",246,1
"59",246,1
"60",246,1
"61",246,1
"62",246,1
"63",246,1
"64",246,1
"65",246,1
"66",246,1
"67",246,1
"68",246,1
"69",246,1
"70",246,1
"71",246,1
"72",246,1
"73",246,1
"74",246,1
"75",246,1
"76",246,1
"77",246,1
"78",246,1
"79",246,1
"80",246,1
"81",246,1
"82",246,1
"83",246,1
"84",246,1
"85",246,1
"86",246,1
"87",246,1
"88",246,1
"89",246,1
"90",246,1
"91",246,1
"92",246,1
"93",246,1
"94",246,1
"95",246,1
"96",246,1
"97",246,1
"98",246,1
"99",246,1
"100",246,1
"101",246,1
"102",246,1
"103",246,1
"104",246,1
"105",246,1
"106",246,1
"107",246,1
"108",246,1
"109",246,1
"110",246,1
"111",246,1
"112",246,1
"113",246,1
"114",246,1
"115",246,1
"116",246,1
"117",246,1
"118",246,1
"119",246,1
"120",246,1
"121",246,1
"122",246,1
"123",246,1
"124",246,1
"125",246,1
"126",246,1
"127",246,1
"128",246,1
"129",246,1
"130",246,1
"131",246,1
"132",246,1
"133",246,1
"134",246,1
"135",246,1
"136",246,1
"137",246,1
"138",246,1
"139",246,1
"140",246,1
"141",246,1
"142",246,1
"143",246,1
"144",246,1
"145",246,1
"146",246,1
"147",246,1
"148",246,1
"149",246,1
"150",246,1
"151",246,1
"152",246,1
"153",246,1
"154",246,1
"155",246,1
"156",246,1
"157",246,1
"158",246,1
"159",246,1
"160",246,1
"161",246,1
"162",246,1
"163",246,1
"164",246,1
"165",246,1
"166",246,1
"167",246,1
"168",246,1
"169",246,1
"170",246,1
"171",246,1
"172",246,1
"173",246,1
"174",246,1
"175",246,1
"176",246,1
"177",246,1
"178",246,1
"179",246,1
"180",246,1
"181",246,1
"182",246,1
"183",246,1
"184",246,1
"185",246,1
"186",246,1
"187",246,1
"188",246,1
"189",246,1
"190",246,1
"191",246,1
"192",246,1
"193",246,1
"194",246,1
"195",246,1
"196",246,1
"197",246,1
"198",246,2
"199",246,2
"200",246,2
"201",246,2
"202",246,2
"203",246,2
"204",246,2
"205",246,2
"206",246,2
"207",246,2
"208",246,2
"209",246,2
"210",246,2
"211",246,2
"212",246,2
"213",246,2
"214",246,2
"215",246,2
"216",246,2
"217",246,2
"218",246,2
"219",246,2
"220",246,2
"221",246,2
"222",246,2
"223",246,2
"224",246,2
"225",246,2
"226",246,2
"227",246,2
"228",246,2
"229",246,2
"230",246,2
"231",246,2
"232",246,2
"233",246,2
"234",246,2
"235",246,2
"236",246,2
"237",246,2
"238",246,2
"239",246,2
"240",246,2
"241",246,2
"242",246,2
"243",246,2
"244",246,2
"245",246,2
"246",246,2
"247",246,2
"248",246,2
"249",246,2
"250",246,2
"251",246,2
"252",246,2
"253",246,2
"254",246,2
"255",246,2
"256",246,2
"257",246,2
"258",246,2
"259",246,2
"260",246,2
"261",246,2
"262",246,2
"263",246,2
"264",246,2
"265",246,2
"266",246,2
"267",246,2
"268",246,2
"269",246,2
"270",246,2
"271",246,2
"272",246,2
"273",246,2
"274",246,2
"275",246,2
"276",246,2
"277",246,2
"278",246,2
"279",246,2
"280",246,2
"281",246,2
"282",246,2
"283",246,2
"284",246,2
"285",246,2
"286",246,2
"287",246,2
"288",246,2
"289",246,2
"290",246,2
"291",246,2
"292",246,2
"293",246,2
"294",246,2
"295",246,2
"296",246,2
"297",246,2
"298",246,2
"299",246,2
"300",246,2
"301",246,2
"302",246,2
"303",246,2
"304",246,2
"305",246,2
"306",246,2
"307",246,2
"308",246,2
"309",246,2
"310",246,2
"311",246,2
"312",246,2
"313",246,2
"314",246,2
"315",246,2
"316",246,2
"317",246,2
"318",246,2
"319",246,2
"320",246,2
"321",246,2
"322",246,2
"323",246,2
"324",246,2
"325",246,2
"326",246,2
"327",246,2
"328",246,2
"329",246,2
"330",246,2
"331",246,2
"332",246,2
"333",246,2
"334",246,2
"335",246,2
"336",246,2
"337",246,2
"338",246,2
"339",246,2
"340",246,2
"341",246,2
"342",246,2
"343",246,2
"344",246,2
"345",246,2
"346",246,2
"347",246,2
"348",246,2
"349",246,2
"350",246,2
"351",246,2
"352",246,2
"353",246,2
"354",246,2
"355",246,2
"356",246,2
"357",246,2
"358",246,2
"359",246,2
"360",246,2
"361",246,2
"362",246,2
"363",246,2
"364",246,2
"365",246,2
"366",246,2
"367",246,2
"368",246,2
"369",246,2
"370",246,2
"371",246,2
"372",246,2
"373",246,2
"374",246,2
"375",246,2
"376",246,2
"377",246,2
"378",246,2
"379",246,2
"380",246,2
"381",246,2
"382",246,2
"383",246,2
"384",246,2
"385",246,2
"386",246,2
"387",246,2
"388",246,2
"389",246,2
"390",246,2
"391",246,2
"392",246,2
"393",246,2
"394",246,2
"395",246,2
"396",246,2
"397",246,2
"398",246,2
"399",246,2
"400",246,2
"401",246,2
"402",246,2
"403",246,2
"404",246,2
"405",246,2
"406",246,2
"407",246,2
"408",246,2
"409",246,2
"410",246,2
"411",246,2
"412",246,2
"413",246,2
"414",246,2
"415",246,2
"416",246,2
"417",246,2
"418",246,2
"419",246,2
"420",246,2
"421",246,2
"422",246,2
"423",246,2
"424",246,2
"425",246,2
"426",246,2
"427",246,2
"428",246,2
"429",246,2
"430",246,2
"431",246,2
"432",246,2
"433",246,2
"434",246,2
"435",246,2
"436",246,2
"437",246,2
"438",246,2
"439",246,2
"440",246,2
"441",246,2
"442",246,2
"443",246,2
"444",246,2
"445",246,2
"446",246,2
"447",246,2
"448",246,2
"449",246,2
"450",246,2
"451",246,2
"452",246,2
"453",246,2
"454",246,2
"455",246,2
"456",246,2
"457",246,2
"458",246,2
"459",246,2
"460",246,2
"461",246,2
"462",246,2
"463",246,2
"464",246,2
"465",246,2
"466",246,2
"467",246,2
"468",246,2
"469",246,2
"470",246,2
"471",246,2
"472",246,2
"473",246,2
"474",246,2
"475",246,2
"476",246,2
"477",246,2
"478",246,2
"479",246,2
"480",246,2
"481",246,2
"482",246,2
"483",246,2
"484",246,2
"485",246,2
"486",246,2
"487",246,2
"488",246,2
"489",246,2
"490",246,2
"491",246,2
"492",246,2
"493",246,2
"494",246,2
"495",246,2
"496",246,2
"497",246,2
"498",246,2
"499",246,2
"500",246,2
"501",246,2
"502",246,2
"503",246,2
"504",246,2
"505",246,2
"506",246,2
"507",246,2
"508",246,2
"509",246,2
"510",246,2
"511",246,2
"512",246,2
"513",246,2
"514",246,2
"515",246,2
"516",246,2
"517",246,2
"518",246,2
"519",246,2
"520",246,2
"521",246,2
"522",246,2
"523",246,2
"524",246,2
"525",246,2
"526",246,2
"527",246,2
"528",246,2
"529",246,2
"530",246,2
"531",246,2
"532",246,2
"533",246,2
"534",246,2
"535",246,2
"536",246,2
"537",246,2
"538",246,2
"539",246,2
"540",246,2
"541",246,2
"542",246,2
"543",246,2
"544",246,2
"545",246,2
"546",246,2
"547",246,2
"548",246,2
"549",246,2
"550",246,2
"551",246,2
"552",246,2
"553",246,2
"554",246,2
"555",246,2
"556",246,2
"557",246,2
"558",246,2
"559",246,2
"560",246,2
"561",246,2
"562",246,2
"563",246,2
"564",246,2
"565",246,2
"566",246,2
"567",246,2
"568",246,2
"569",246,2
"570",246,2
"571",246,2
"572",246,2
"573",246,2
"574",246,2
"575",246,2
"576",246,2
"577",246,2
"578",246,2
"579",246,2
"580",246,2
"581",246,2
"582",246,2
"583",246,2
"584",246,2
"585",246,2
"586",246,2
"587",246,2
"588",246,2
"589",246,2
"590",246,2
"591",246,2
"592",246,2
"593",246,2
"594",246,2
"595",246,2
"596",246,2
"597",246,2
"598",246,2
"599",246,2
"600",246,2
"601",246,2
"602",246,2
"603",246,2
"604",246,2
"605",246,2
"606",246,2
"607",246,2
"608",246,2
"609",246,2
"610",246,2
"611",246,2
"612",246,2
"613",246,2
"614",246,2
"615",246,2
"616",246,2
"617",246,2
"618",246,2
"619",246,2
"620",246,2
"621",246,2
"622",246,2
"623",246,2
"624",246,2
"625",246,2
"626",246,2
"627",246,2
"628",246,2
"629",246,2
"630",246,3
"631",246,3
"632",246,3
"633",246,3
"634",246,3
"635",246,3
"636",246,3
"637",246,3
"638",246,3
"639",246,3
"640",246,3
"641",246,3
"642",246,3
"643",246,3
"644",246,3
"645",246,3
"646",246,3
"647",246,3
"648",246,3
"649",246,3
"650",246,3
"651",246,3
"652",246,3
"653",246,3
"654",246,3
"655",246,3
"656",246,3
"657",246,3
"658",246,3
"659",246,3
"660",246,3
"661",246,3
"662",246,3
"663",246,3
"664",246,3
"665",246,3
"666",246,3
"667",246,3
"668",246,3
"669",246,3
"670",246,3
"671",246,3
"672",246,3
"673",246,3
"674",246,3
"675",246,3
"676",246,3
"677",246,3
"678",246,3
"679",246,3
"680",246,3
"681",246,3
"682",246,3
"683",246,3
"684",246,3
"685",246,3
"686",246,3
"687",246,3
"688",246,3
"689",246,3
"690",246,3
"691",246,3
"692",246,3
"693",246,3
"694",246,3
"695",246,3
"696",246,3
"697",246,3
"698",246,3
"699",246,3
"700",246,3
"701",246,3
"702",246,3
"703",246,3
"704",246,3
"705",246,3
"706",246,3
"707",246,3
"708",246,3
"709",246,3
"710",246,3
"711",246,3
"712",246,3
"713",246,3
"714",246,3
"715",246,3
"716",246,3
"717",246,3
"718",246,3
"719",246,3
"720",246,3
"721",246,3
"722",246,3
"723",246,3
"724",246,3
"725",246,3
"726",246,3
"727",246,3
"728",246,3
"729",246,3
"730",246,3
"731",246,3
"732",246,3
"733",246,3
"734",246,3
"735",246,3
"736",246,3
"737",246,3
"738",246,3
"739",246,3
"740",246,3
"741",246,3
"742",246,3
"743",246,3
"744",246,3
"745",246,3
"746",246,3
"747",246,3
"748",246,3
"749",246,3
"750",246,3
"751",246,3
"752",246,3
"753",246,3
"754",246,3
"755",246,3
"756",246,3
"757",246,3
"758",246,3
"759",246,3
"760",246,3
"761",246,3
"762",246,3
"763",246,3
"764",246,3
"765",246,3
"766",246,3
"767",246,3
"768",246,3
"769",246,3
"770",246,3
"771",246,3
"772",246,3
"773",246,3
"774",246,3
"775",246,3
"776",246,3
"777",246,3
"778",246,3
"779",246,3
"780",246,3
"781",246,3
"782",246,3
"783",246,3
"784",246,3
"785",246,3
"786",246,3
"787",246,3
"788",246,3
"789",246,3
"790",246,3
"791",246,3
"792",246,3
"793",246,3
"794",246,3
"795",246,3
"796",246,3
"797",246,3
"798",246,3
"799",246,3
"800",246,3
"801",246,3
"802",246,3
"803",246,3
"804",246,3
"805",246,3
"806",246,3
"807",246,3
"808",246,3
"809",246,3
"810",246,3
"811",246,3
"812",246,3
"813",246,3
"814",246,3
"815",246,3
"816",246,3
"817",246,3
"818",246,3
"819",246,3
"820",246,3
"821",246,3
"822",246,3
"823",246,3
"824",246,3
"825",246,3
"826",246,3
"827",246,3
"828",246,3
"829",246,3
"830",246,3
"831",246,3
"832",246,3
"833",246,3
"834",246,3
"835",246,3
"836",246,3
"837",246,3
"838",246,3
"839",246,3
"840",246,3
"841",246,3
"842",246,3
"843",246,3
"844",246,3
"845",246,3
"846",246,3
"847",246,3
"848",246,3
"849",246,3
"850",246,3
"851",246,3
"852",246,3
"853",246,3
"854",246,3
"855",246,3
"856",246,3
"857",246,3
"858",246,3
"859",246,3
"860",246,3
"861",246,3
"862",246,3
"863",246,3
"864",246,3
"865",246,3
"866",246,3
"867",246,3
"868",246,3
"869",246,3
"870",246,3
"871",246,3
"872",246,3
"873",246,3
"874",246,3
"875",246,3
"876",246,3
"877",246,3
"878",246,3
"879",246,3
"880",246,3
"881",246,3
"882",246,3
"883",246,3
"884",246,3
"885",246,3
"886",246,3
"887",246,3
"888",246,3
"889",246,3
"890",246,3
"891",246,3
"892",246,3
"893",246,3
"894",246,3
"895",246,3
"896",246,3
"897",246,3
"898",246,3
"899",246,3
"900",246,3
"901",246,3
"902",246,3
"903",246,3
"904",246,3
"905",246,3
"906",246,3
"907",246,3
"908",246,3
"909",246,3
"910",246,3
"911",246,3
"912",246,3
"913",246,3
"914",246,3
"915",246,3
"916",246,3
"917",246,3
"918",246,3
"919",246,3
"920",246,3
"921",246,3
"922",246,3
"923",246,3
"924",246,3
"925",246,3
"926",246,3
"927",246,3
"928",246,3
"929",246,3
"930",246,3
"931",246,3
"932",246,3
"933",246,3
"934",246,3
"935",246,4
"936",246,4
"937",246,4
"938",246,4
"939",246,4
"940",246,4
"941",246,4
"942",246,4
"943",246,4
"944",246,4
"945",246,4
"946",246,4
"947",246,4
"948",246,4
"949",246,4
"950",246,4
"951",246,4
"952",246,4
"953",246,4
"954",246,4
"955",246,4
"956",246,4
"957",246,4
"958",246,4
"959",246,4
"960",246,4
"961",246,4
"962",246,4
"963",246,4
"964",246,4
"965",246,4
"966",246,4
"967",246,4
"968",246,4
"969",246,4
"970",246,4
"971",246,4
"972",246,4
"973",246,4
"974",246,4
"975",246,4
"976",246,4
"977",246,4
"978",246,4
"979",246,4
"980",246,4
"981",246,4
"982",246,4
"983",246,4
"984",246,4
"985",246,4
"986",246,4
"987",246,4
"988",246,4
"989",246,4
"990",246,4
"991",246,4
"992",246,4
"993",246,4
"994",246,4
"995",246,4
"996",246,4
"997",246,4
"998",246,4
"999",246,4
"1000",246,4
"1001",246,4
"1002",246,4
"1003",246,4
"1004",246,4
"1005",246,4
"1006",246,4
"1007",246,4
"1008",246,4
"1009",246,4
"1010",246,4
"1011",246,4
"1012",246,4
"1013",246,4
"1014",246,4
"1015",246,4
"1016",246,4
"1017",246,4
"1018",246,4
"1019",246,4
"1020",246,4
"1021",246,4
"1022",246,4
"1023",246,4
"1024",246,4
"1025",246,4
"1026",246,4
"1027",246,4
"1028",246,4
"1029",246,4
"1030",246,4
"1031",246,4
"1032",246,4
"1033",246,4
"1034",246,4
"1035",246,4
"1036",246,4
"1037",246,4
"1038",246,4
"1039",246,4
"1040",246,4
"1041",246,4
"1042",246,4
"1043",246,4
"1044",246,4
"1045",246,4
"1046",246,4
"1047",246,4
"1048",246,4
"1049",246,4
"1050",246,4
"1051",246,4
"1052",246,4
"1053",246,4
"1054",246,4
"1055",246,4
"1056",246,4
"1057",246,4
"1058",246,4
"1059",246,4
"1060",246,4
"1061",246,4
"1062",246,4
"1063",246,4
"1064",246,4
"1065",246,4
"1066",246,4
"1067",246,4
"1068",246,4
"1069",246,4
"1070",246,4
"1071",246,4
"1072",246,4
"1073",246,4
"1074",246,4
"1075",246,4
"1076",246,4
"1077",246,4
"1078",246,4
"1079",246,4
"1080",246,4
"1081",246,4
"1082",246,4
"1083",246,4
"1084",246,4
"1085",246,4
"1086",246,4
"1087",246,4
"1088",246,4
"1089",246,4
"1090",246,4
"1091",246,4
"1092",246,4
"1093",246,4
"1094",246,4
"1095",246,4
"1096",246,4
"1097",246,4
"1098",246,4
"1099",246,4
"1100",246,4
"1101",246,4
"1102",246,4
"1103",246,4
"1104",246,4
"1105",246,4
"1106",246,4
"1107",246,4
"1108",246,4
"1109",246,4
"1110",246,4
"1111",246,4
"1112",246,4
"1113",246,4
"1114",246,4
"1115",246,4
"1116",246,4
"1117",246,4
"1118",246,4
"1119",246,4
"1120",246,4
"1121",246,4
"1122",246,4
"1123",246,4
"1124",246,4
"1125",246,4
"1126",246,4
"1127",246,4
"1128",246,4
"1129",246,4
"1130",246,4
"1131",246,4
"1132",246,4
"1133",246,5
"1134",246,5
"1135",246,5
"1136",246,5
"1137",246,5
"1138",246,5
"1139",246,5
"1140",246,5
"1141",246,5
"1142",246,5
"1143",246,5
"1144",246,5
"1145",246,5
"1146",246,5
"1147",246,5
"1148",246,5
"1149",246,5
"1150",246,5
"1151",246,5
"1152",246,5
"1153",246,5
"1154",246,5
"1155",246,5
"1156",246,5
"1157",246,5
"1158",246,5
"1159",246,5
"1160",246,5
"1161",246,5
"1162",246,5
"1163",246,5
"1164",246,5
"1165",246,5
"1166",246,5
"1167",246,5
"1168",246,5
"1169",246,5
"1170",246,5
"1171",246,5
"1172",246,5
"1173",246,5
"1174",246,5
"1175",246,5
"1176",246,5
"1177",246,5
"1178",246,5
"1179",246,NA
"1180",246,NA
"1181",246,NA
"1182",246,NA
"1183",246,NA
"1184",246,NA
"1185",246,NA
"1186",246,NA
"1187",246,NA
"1188",246,NA
"1189",246,NA
"1190",246,NA
"1191",246,NA
"1192",246,NA
"1193",246,NA
"1194",246,NA
"1195",246,NA
"1196",246,NA
"1197",246,NA
"1198",246,NA
"1199",246,NA
"1200",840,1
"1201",840,1
"1202",840,1
"1203",840,1
"1204",840,1
"1205",840,1
"1206",840,1
"1207",840,1
"1208",840,1
"1209",840,1
"1210",840,1
"1211",840,1
"1212",840,1
"1213",840,1
"1214",840,1
"1215",840,1
"1216",840,1
"1217",840,1
"1218",840,1
"1219",840,1
"1220",840,1
"1221",840,1
"1222",840,1
"1223",840,1
"1224",840,1
"1225",840,1
"1226",840,1
"1227",840,1
"1228",840,1
"1229",840,1
"1230",840,1
"1231",840,1
"1232",840,1
"1233",840,1
"1234",840,1
"1235",840,1
"1236",840,1
"1237",840,1
"1238",840,1
"1239",840,1
"1240",840,1
"1241",840,1
"1242",840,1
"1243",840,1
"1244",840,1
"1245",840,1
"1246",840,1
"1247",840,1
"1248",840,1
"1249",840,1
"1250",840,1
"1251",840,1
"1252",840,1
"1253",840,1
"1254",840,1
"1255",840,1
"1256",840,1
"1257",840,1
"1258",840,1
"1259",840,1
"1260",840,1
"1261",840,1
"1262",840,1
"1263",840,1
"1264",840,1
"1265",840,1
"1266",840,1
"1267",840,1
"1268",840,1
"1269",840,1
"1270",840,1
"1271",840,1
"1272",840,1
"1273",840,1
"1274",840,1
"1275",840,1
"1276",840,1
"1277",840,1
"1278",840,1
"1279",840,1
"1280",840,1
"1281",840,1
"1282",840,1
"1283",840,1
"1284",840,1
"1285",840,1
"1286",840,1
"1287",840,1
"1288",840,1
"1289",840,1
"1290",840,1
"1291",840,1
"1292",840,1
"1293",840,1
"1294",840,1
"1295",840,1
"1296",840,1
"1297",840,1
"1298",840,1
"1299",840,1
"1300",840,1
"1301",840,1
"1302",840,1
"1303",840,1
"1304",840,1
"1305",840,1
"1306",840,1
"1307",840,1
"1308",840,1
"1309",840,1
"1310",840,1
"1311",840,1
"1312",840,1
"1313",840,1
"1314",840,1
"1315",840,1
"1316",840,1
"1317",840,1
"1318",840,1
"1319",840,1
"1320",840,1
"1321",840,1
"1322",840,1
"1323",840,1
"1324",840,1
"1325",840,1
"1326",840,1
"1327",840,1
"1328",840,1
"1329",840,1
"1330",840,1
"1331",840,1
"1332",840,1
"1333",840,1
"1334",840,1
"1335",840,1
"1336",840,1
"1337",840,1
"1338",840,1
"1339",840,1
"1340",840,1
"1341",840,1
"1342",840,1
"1343",840,1
"1344",840,1
"1345",840,1
"1346",840,1
"1347",840,1
"1348",840,1
"1349",840,1
"1350",840,1
"1351",840,1
"1352",840,1
"1353",840,1
"1354",840,1
"1355",840,1
"1356",840,1
"1357",840,1
"1358",840,1
"1359",840,1
"1360",840,1
"1361",840,1
"1362",840,1
"1363",840,1
"1364",840,1
"1365",840,1
"1366",840,1
"1367",840,1
"1368",840,1
"1369",840,1
"1370",840,1
"1371",840,1
"1372",840,1
"1373",840,1
"1374",840,1
"1375",840,1
"1376",840,1
"1377",840,1
"1378",840,1
"1379",840,1
"1380",840,1
"1381",840,1
"1382",840,1
"1383",840,1
"1384",840,1
"1385",840,1
"1386",840,1
"1387",840,1
"1388",840,1
"1389",840,1
"1390",840,1
"1391",840,1
"1392",840,1
"1393",840,1
"1394",840,1
"1395",840,1
"1396",840,1
"1397",840,1
"1398",840,1
"1399",840,1
"1400",840,1
"1401",840,1
"1402",840,1
"1403",840,1
"1404",840,1
"1405",840,1
"1406",840,1
"1407",840,1
"1408",840,1
"1409",840,1
"1410",840,1
"1411",840,1
"1412",840,1
"1413",840,1
"1414",840,1
"1415",840,1
"1416",840,1
"1417",840,1
"1418",840,1
"1419",840,1
"1420",840,1
"1421",840,1
"1422",840,1
"1423",840,1
"1424",840,1
"1425",840,1
"1426",840,1
"1427",840,1
"1428",840,1
"1429",840,1
"1430",840,1
"1431",840,1
"1432",840,1
"1433",840,1
"1434",840,1
"1435",840,1
"1436",840,1
"1437",840,1
"1438",840,1
"1439",840,1
"1440",840,1
"1441",840,1
"1442",840,1
"1443",840,1
"1444",840,1
"1445",840,1
"1446",840,1
"1447",840,1
"1448",840,1
"1449",840,1
"1450",840,1
"1451",840,1
"1452",840,1
"1453",840,1
"1454",840,1
"1455",840,1
"1456",840,1
"1457",840,1
"1458",840,1
"1459",840,1
"1460",840,1
"1461",840,1
"1462",840,1
"1463",840,1
"1464",840,1
"1465",840,1
"1466",840,1
"1467",840,1
"1468",840,1
"1469",840,1
"1470",840,1
"1471",840,1
"1472",840,1
"1473",840,1
"1474",840,1
"1475",840,1
"1476",840,1
"1477",840,1
"1478",840,1
"1479",840,1
"1480",840,1
"1481",840,1
"1482",840,1
"1483",840,1
"1484",840,1
"1485",840,1
"1486",840,1
"1487",840,1
"1488",840,1
"1489",840,1
"1490",840,1
"1491",840,1
"1492",840,1
"1493",840,1
"1494",840,1
"1495",840,1
"1496",840,1
"1497",840,1
"1498",840,1
"1499",840,1
"1500",840,1
"1501",840,1
"1502",840,1
"1503",840,1
"1504",840,1
"1505",840,1
"1506",840,1
"1507",840,1
"1508",840,1
"1509",840,1
"1510",840,1
"1511",840,1
"1512",840,1
"1513",840,1
"1514",840,1
"1515",840,1
"1516",840,1
"1517",840,1
"1518",840,1
"1519",840,1
"1520",840,1
"1521",840,1
"1522",840,1
"1523",840,1
"1524",840,1
"1525",840,1
"1526",840,1
"1527",840,1
"1528",840,1
"1529",840,1
"1530",840,1
"1531",840,1
"1532",840,1
"1533",840,1
"1534",840,1
"1535",840,1
"1536",840,1
"1537",840,1
"1538",840,1
"1539",840,1
"1540",840,1
"1541",840,1
"1542",840,1
"1543",840,1
"1544",840,1
"1545",840,1
"1546",840,1
"1547",840,2
"1548",840,2
"1549",840,2
"1550",840,2
"1551",840,2
"1552",840,2
"1553",840,2
"1554",840,2
"1555",840,2
"1556",840,2
"1557",840,2
"1558",840,2
"1559",840,2
"1560",840,2
"1561",840,2
"1562",840,2
"1563",840,2
"1564",840,2
"1565",840,2
"1566",840,2
"1567",840,2
"1568",840,2
"1569",840,2
"1570",840,2
"1571",840,2
"1572",840,2
"1573",840,2
"1574",840,2
"1575",840,2
"1576",840,2
"1577",840,2
"1578",840,2
"1579",840,2
"1580",840,2
"1581",840,2
"1582",840,2
"1583",840,2
"1584",840,2
"1585",840,2
"1586",840,2
"1587",840,2
"1588",840,2
"1589",840,2
"1590",840,2
"1591",840,2
"1592",840,2
"1593",840,2
"1594",840,2
"1595",840,2
"1596",840,2
"1597",840,2
"1598",840,2
"1599",840,2
"1600",840,2
"1601",840,2
"1602",840,2
"1603",840,2
"1604",840,2
"1605",840,2
"1606",840,2
"1607",840,2
"1608",840,2
"1609",840,2
"1610",840,2
"1611",840,2
"1612",840,2
"1613",840,2
"1614",840,2
"1615",840,2
"1616",840,2
"1617",840,2
"1618",840,2
"1619",840,2
"1620",840,2
"1621",840,2
"1622",840,2
"1623",840,2
"1624",840,2
"1625",840,2
"1626",840,2
"1627",840,2
"1628",840,2
"1629",840,2
"1630",840,2
"1631",840,2
"1632",840,2
"1633",840,2
"1634",840,2
"1635",840,2
"1636",840,2
"1637",840,2
"1638",840,2
"1639",840,2
"1640",840,2
"1641",840,2
"1642",840,2
"1643",840,2
"1644",840,2
"1645",840,2
"1646",840,2
"1647",840,2
"1648",840,2
"1649",840,2
"1650",840,2
"1651",840,2
"1652",840,2
"1653",840,2
"1654",840,2
"1655",840,2
"1656",840,2
"1657",840,2
"1658",840,2
"1659",840,2
"1660",840,2
"1661",840,2
"1662",840,2
"1663",840,2
"1664",840,2
"1665",840,2
"1666",840,2
"1667",840,2
"1668",840,2
"1669",840,2
"1670",840,2
"1671",840,2
"1672",840,2
"1673",840,2
"1674",840,2
"1675",840,2
"1676",840,2
"1677",840,2
"1678",840,2
"1679",840,2
"1680",840,2
"1681",840,2
"1682",840,2
"1683",840,2
"1684",840,2
"1685",840,2
"1686",840,2
"1687",840,2
"1688",840,2
"1689",840,2
"1690",840,2
"1691",840,2
"1692",840,2
"1693",840,2
"1694",840,2
"1695",840,2
"1696",840,2
"1697",840,2
"1698",840,2
"1699",840,2
"1700",840,2
"1701",840,2
"1702",840,2
"1703",840,2
"1704",840,2
"1705",840,2
"1706",840,2
"1707",840,2
"1708",840,2
"1709",840,2
"1710",840,2
"1711",840,2
"1712",840,2
"1713",840,2
"1714",840,2
"1715",840,2
"1716",840,2
"1717",840,2
"1718",840,2
"1719",840,2
"1720",840,2
"1721",840,2
"1722",840,2
"1723",840,2
"1724",840,2
"1725",840,2
"1726",840,2
"1727",840,2
"1728",840,2
"1729",840,2
"1730",840,2
"1731",840,2
"1732",840,2
"1733",840,2
"1734",840,2
"1735",840,2
"1736",840,2
"1737",840,2
"1738",840,2
"1739",840,2
"1740",840,2
"1741",840,2
"1742",840,2
"1743",840,2
"1744",840,2
"1745",840,2
"1746",840,2
"1747",840,2
"1748",840,2
"1749",840,2
"1750",840,2
"1751",840,2
"1752",840,2
"1753",840,2
"1754",840,2
"1755",840,2
"1756",840,2
"1757",840,2
"1758",840,2
"1759",840,2
"1760",840,2
"1761",840,2
"1762",840,2
"1763",840,2
"1764",840,2
"1765",840,2
"1766",840,2
"1767",840,2
"1768",840,2
"1769",840,2
"1770",840,2
"1771",840,2
"1772",840,2
"1773",840,2
"1774",840,2
"1775",840,2
"1776",840,2
"1777",840,2
"1778",840,2
"1779",840,2
"1780",840,2
"1781",840,2
"1782",840,2
"1783",840,2
"1784",840,2
"1785",840,2
"1786",840,2
"1787",840,2
"1788",840,2
"1789",840,2
"1790",840,2
"1791",840,2
"1792",840,2
"1793",840,2
"1794",840,2
"1795",840,2
"1796",840,2
"1797",840,2
"1798",840,2
"1799",840,2
"1800",840,2
"1801",840,2
"1802",840,2
"1803",840,2
"1804",840,2
"1805",840,2
"1806",840,2
"1807",840,2
"1808",840,2
"1809",840,2
"1810",840,2
"1811",840,2
"1812",840,2
"1813",840,2
"1814",840,2
"1815",840,2
"1816",840,2
"1817",840,2
"1818",840,2
"1819",840,2
"1820",840,2
"1821",840,2
"1822",840,2
"1823",840,2
"1824",840,2
"1825",840,2
"1826",840,2
"1827",840,2
"1828",840,2
"1829",840,2
"1830",840,2
"1831",840,2
"1832",840,2
"1833",840,2
"1834",840,2
"1835",840,2
"1836",840,2
"1837",840,2
"1838",840,2
"1839",840,2
"1840",840,2
"1841",840,2
"1842",840,2
"1843",840,2
"1844",840,2
"1845",840,2
"1846",840,2
"1847",840,2
"1848",840,2
"1849",840,2
"1850",840,2
"1851",840,2
"1852",840,2
"1853",840,2
"1854",840,2
"1855",840,2
"1856",840,2
"1857",840,2
"1858",840,2
"1859",840,2
"1860",840,2
"1861",840,2
"1862",840,2
"1863",840,2
"1864",840,2
"1865",840,2
"1866",840,2
"1867",840,2
"1868",840,2
"1869",840,2
"1870",840,2
"1871",840,2
"1872",840,2
"1873",840,2
"1874",840,2
"1875",840,2
"1876",840,2
"1877",840,2
"1878",840,2
"1879",840,2
"1880",840,2
"1881",840,2
"1882",840,2
"1883",840,2
"1884",840,2
"1885",840,2
"1886",840,2
"1887",840,2
"1888",840,2
"1889",840,2
"1890",840,2
"1891",840,2
"1892",840,2
"1893",840,2
"1894",840,2
"1895",840,2
"1896",840,2
"1897",840,2
"1898",840,2
"1899",840,2
"1900",840,2
"1901",840,2
"1902",840,2
"1903",840,2
"1904",840,2
"1905",840,2
"1906",840,2
"1907",840,2
"1908",840,2
"1909",840,2
"1910",840,2
"1911",840,2
"1912",840,2
"1913",840,2
"1914",840,2
"1915",840,2
"1916",840,2
"1917",840,2
"1918",840,2
"1919",840,2
"1920",840,2
"1921",840,2
"1922",840,2
"1923",840,2
"1924",840,2
"1925",840,2
"1926",840,2
"1927",840,2
"1928",840,2
"1929",840,2
"1930",840,2
"1931",840,2
"1932",840,2
"1933",840,2
"1934",840,2
"1935",840,2
"1936",840,2
"1937",840,2
"1938",840,2
"1939",840,2
"1940",840,2
"1941",840,2
"1942",840,2
"1943",840,2
"1944",840,2
"1945",840,2
"1946",840,2
"1947",840,2
"1948",840,2
"1949",840,2
"1950",840,2
"1951",840,2
"1952",840,2
"1953",840,2
"1954",840,2
"1955",840,2
"1956",840,2
"1957",840,2
"1958",840,2
"1959",840,2
"1960",840,2
"1961",840,2
"1962",840,2
"1963",840,2
"1964",840,2
"1965",840,2
"1966",840,2
"1967",840,2
"1968",840,2
"1969",840,2
"1970",840,2
"1971",840,2
"1972",840,2
"1973",840,2
"1974",840,2
"1975",840,2
"1976",840,2
"1977",840,2
"1978",840,2
"1979",840,2
"1980",840,2
"1981",840,2
"1982",840,2
"1983",840,2
"1984",840,2
"1985",840,2
"1986",840,2
"1987",840,2
"1988",840,2
"1989",840,2
"1990",840,2
"1991",840,2
"1992",840,2
"1993",840,2
"1994",840,2
"1995",840,2
"1996",840,2
"1997",840,2
"1998",840,2
"1999",840,2
"2000",840,2
"2001",840,2
"2002",840,2
"2003",840,2
"2004",840,2
"2005",840,2
"2006",840,2
"2007",840,2
"2008",840,2
"2009",840,2
"2010",840,2
"2011",840,2
"2012",840,2
"2013",840,2
"2014",840,2
"2015",840,2
"2016",840,2
"2017",840,2
"2018",840,2
"2019",840,2
"2020",840,2
"2021",840,2
"2022",840,2
"2023",840,2
"2024",840,2
"2025",840,2
"2026",840,2
"2027",840,2
"2028",840,2
"2029",840,2
"2030",840,2
"2031",840,2
"2032",840,2
"2033",840,2
"2034",840,2
"2035",840,2
"2036",840,2
"2037",840,2
"2038",840,2
"2039",840,2
"2040",840,2
"2041",840,2
"2042",840,2
"2043",840,2
"2044",840,2
"2045",840,2
"2046",840,2
"2047",840,2
"2048",840,2
"2049",840,2
"2050",840,2
"2051",840,2
"2052",840,2
"2053",840,2
"2054",840,2
"2055",840,2
"2056",840,2
"2057",840,2
"2058",840,2
"2059",840,2
"2060",840,2
"2061",840,2
"2062",840,2
"2063",840,2
"2064",840,2
"2065",840,2
"2066",840,2
"2067",840,2
"2068",840,2
"2069",840,2
"2070",840,2
"2071",840,2
"2072",840,2
"2073",840,2
"2074",840,2
"2075",840,2
"2076",840,2
"2077",840,2
"2078",840,2
"2079",840,2
"2080",840,2
"2081",840,2
"2082",840,2
"2083",840,2
"2084",840,2
"2085",840,2
"2086",840,2
"2087",840,2
"2088",840,2
"2089",840,2
"2090",840,2
"2091",840,2
"2092",840,2
"2093",840,2
"2094",840,2
"2095",840,2
"2096",840,2
"2097",840,2
"2098",840,2
"2099",840,2
"2100",840,2
"2101",840,2
"2102",840,2
"2103",840,2
"2104",840,2
"2105",840,2
"2106",840,2
"2107",840,2
"2108",840,2
"2109",840,2
"2110",840,2
"2111",840,2
"2112",840,2
"2113",840,2
"2114",840,2
"2115",840,2
"2116",840,2
"2117",840,2
"2118",840,2
"2119",840,2
"2120",840,2
"2121",840,2
"2122",840,2
"2123",840,2
"2124",840,2
"2125",840,2
"2126",840,2
"2127",840,2
"2128",840,2
"2129",840,2
"2130",840,2
"2131",840,2
"2132",840,2
"2133",840,2
"2134",840,2
"2135",840,2
"2136",840,2
"2137",840,2
"2138",840,2
"2139",840,2
"2140",840,2
"2141",840,2
"2142",840,2
"2143",840,2
"2144",840,2
"2145",840,2
"2146",840,2
"2147",840,2
"2148",840,2
"2149",840,2
"2150",840,2
"2151",840,2
"2152",840,2
"2153",840,2
"2154",840,2
"2155",840,2
"2156",840,2
"2157",840,2
"2158",840,2
"2159",840,2
"2160",840,2
"2161",840,2
"2162",840,2
"2163",840,2
"2164",840,2
"2165",840,2
"2166",840,2
"2167",840,2
"2168",840,2
"2169",840,2
"2170",840,2
"2171",840,2
"2172",840,2
"2173",840,2
"2174",840,2
"2175",840,2
"2176",840,2
"2177",840,2
"2178",840,2
"2179",840,2
"2180",840,2
"2181",840,2
"2182",840,2
"2183",840,2
"2184",840,2
"2185",840,2
"2186",840,2
"2187",840,2
"2188",840,2
"2189",840,2
"2190",840,2
"2191",840,2
"2192",840,2
"2193",840,2
"2194",840,2
"2195",840,2
"2196",840,2
"2197",840,2
"2198",840,2
"2199",840,2
"2200",840,2
"2201",840,2
"2202",840,2
"2203",840,2
"2204",840,2
"2205",840,2
"2206",840,2
"2207",840,2
"2208",840,2
"2209",840,2
"2210",840,2
"2211",840,2
"2212",840,2
"2213",840,2
"2214",840,2
"2215",840,2
"2216",840,2
"2217",840,2
"2218",840,2
"2219",840,2
"2220",840,2
"2221",840,2
"2222",840,2
"2223",840,2
"2224",840,2
"2225",840,2
"2226",840,2
"2227",840,2
"2228",840,2
"2229",840,2
"2230",840,2
"2231",840,2
"2232",840,2
"2233",840,2
"2234",840,2
"2235",840,2
"2236",840,2
"2237",840,2
"2238",840,2
"2239",840,2
"2240",840,2
"2241",840,2
"2242",840,2
"2243",840,2
"2244",840,2
"2245",840,2
"2246",840,2
"2247",840,2
"2248",840,2
"2249",840,2
"2250",840,2
"2251",840,2
"2252",840,2
"2253",840,2
"2254",840,2
"2255",840,2
"2256",840,2
"2257",840,2
"2258",840,2
"2259",840,2
"2260",840,2
"2261",840,2
"2262",840,2
"2263",840,2
"2264",840,2
"2265",840,2
"2266",840,2
"2267",840,2
"2268",840,2
"2269",840,2
"2270",840,2
"2271",840,2
"2272",840,2
"2273",840,2
"2274",840,2
"2275",840,2
"2276",840,2
"2277",840,2
"2278",840,2
"2279",840,2
"2280",840,2
"2281",840,2
"2282",840,2
"2283",840,2
"2284",840,2
"2285",840,2
"2286",840,2
"2287",840,2
"2288",840,2
"2289",840,2
"2290",840,2
"2291",840,2
"2292",840,2
"2293",840,2
"2294",840,2
"2295",840,2
"2296",840,2
"2297",840,2
"2298",840,2
"2299",840,2
"2300",840,2
"2301",840,2
"2302",840,2
"2303",840,2
"2304",840,2
"2305",840,2
"2306",840,2
"2307",840,2
"2308",840,2
"2309",840,2
"2310",840,2
"2311",840,2
"2312",840,2
"2313",840,2
"2314",840,2
"2315",840,2
"2316",840,2
"2317",840,2
"2318",840,2
"2319",840,2
"2320",840,2
"2321",840,2
"2322",840,2
"2323",840,2
"2324",840,2
"2325",840,2
"2326",840,2
"2327",840,2
"2328",840,2
"2329",840,2
"2330",840,2
"2331",840,2
"2332",840,2
"2333",840,2
"2334",840,2
"2335",840,2
"2336",840,2
"2337",840,2
"2338",840,2
"2339",840,2
"2340",840,2
"2341",840,2
"2342",840,2
"2343",840,2
"2344",840,2
"2345",840,2
"2346",840,2
"2347",840,2
"2348",840,2
"2349",840,2
"2350",840,2
"2351",840,2
"2352",840,2
"2353",840,2
"2354",840,2
"2355",840,2
"2356",840,2
"2357",840,2
"2358",840,2
"2359",840,2
"2360",840,2
"2361",840,2
"2362",840,2
"2363",840,2
"2364",840,2
"2365",840,2
"2366",840,2
"2367",840,2
"2368",840,2
"2369",840,2
"2370",840,2
"2371",840,2
"2372",840,2
"2373",840,2
"2374",840,2
"2375",840,3
"2376",840,3
"2377",840,3
"2378",840,3
"2379",840,3
"2380",840,3
"2381",840,3
"2382",840,3
"2383",840,3
"2384",840,3
"2385",840,3
"2386",840,3
"2387",840,3
"2388",840,3
"2389",840,3
"2390",840,3
"2391",840,3
"2392",840,3
"2393",840,3
"2394",840,3
"2395",840,3
"2396",840,3
"2397",840,3
"2398",840,3
"2399",840,3
"2400",840,3
"2401",840,3
"2402",840,3
"2403",840,3
"2404",840,3
"2405",840,3
"2406",840,3
"2407",840,3
"2408",840,3
"2409",840,3
"2410",840,3
"2411",840,3
"2412",840,3
"2413",840,3
"2414",840,3
"2415",840,3
"2416",840,3
"2417",840,3
"2418",840,3
"2419",840,3
"2420",840,3
"2421",840,3
"2422",840,3
"2423",840,3
"2424",840,3
"2425",840,3
"2426",840,3
"2427",840,3
"2428",840,3
"2429",840,3
"2430",840,3
"2431",840,3
"2432",840,3
"2433",840,3
"2434",840,3
"2435",840,3
"2436",840,3
"2437",840,3
"2438",840,3
"2439",840,3
"2440",840,3
"2441",840,3
"2442",840,3
"2443",840,3
"2444",840,3
"2445",840,3
"2446",840,3
"2447",840,3
"2448",840,3
"2449",840,3
"2450",840,3
"2451",840,3
"2452",840,3
"2453",840,3
"2454",840,3
"2455",840,3
"2456",840,3
"2457",840,3
"2458",840,3
"2459",840,3
"2460",840,3
"2461",840,3
"2462",840,3
"2463",840,3
"2464",840,3
"2465",840,3
"2466",840,3
"2467",840,3
"2468",840,3
"2469",840,3
"2470",840,3
"2471",840,3
"2472",840,3
"2473",840,3
"2474",840,3
"2475",840,3
"2476",840,3
"2477",840,3
"2478",840,3
"2479",840,3
"2480",840,3
"2481",840,3
"2482",840,3
"2483",840,3
"2484",840,3
"2485",840,3
"2486",840,3
"2487",840,3
"2488",840,3
"2489",840,3
"2490",840,3
"2491",840,3
"2492",840,3
"2493",840,3
"2494",840,3
"2495",840,3
"2496",840,3
"2497",840,3
"2498",840,3
"2499",840,3
"2500",840,3
"2501",840,3
"2502",840,3
"2503",840,3
"2504",840,3
"2505",840,3
"2506",840,3
"2507",840,3
"2508",840,3
"2509",840,3
"2510",840,3
"2511",840,3
"2512",840,3
"2513",840,3
"2514",840,3
"2515",840,3
"2516",840,3
"2517",840,3
"2518",840,3
"2519",840,3
"2520",840,3
"2521",840,3
"2522",840,3
"2523",840,3
"2524",840,3
"2525",840,3
"2526",840,3
"2527",840,3
"2528",840,3
"2529",840,3
"2530",840,3
"2531",840,3
"2532",840,3
"2533",840,3
"2534",840,3
"2535",840,3
"2536",840,3
"2537",840,3
"2538",840,3
"2539",840,3
"2540",840,3
"2541",840,3
"2542",840,3
"2543",840,3
"2544",840,3
"2545",840,3
"2546",840,3
"2547",840,3
"2548",840,3
"2549",840,3
"2550",840,3
"2551",840,3
"2552",840,3
"2553",840,3
"2554",840,3
"2555",840,3
"2556",840,3
"2557",840,3
"2558",840,3
"2559",840,3
"2560",840,3
"2561",840,3
"2562",840,3
"2563",840,3
"2564",840,3
"2565",840,3
"2566",840,3
"2567",840,3
"2568",840,3
"2569",840,3
"2570",840,3
"2571",840,3
"2572",840,3
"2573",840,3
"2574",840,3
"2575",840,3
"2576",840,3
"2577",840,3
"2578",840,3
"2579",840,3
"2580",840,3
"2581",840,3
"2582",840,3
"2583",840,3
"2584",840,3
"2585",840,3
"2586",840,3
"2587",840,3
"2588",840,3
"2589",840,3
"2590",840,3
"2591",840,3
"2592",840,3
"2593",840,3
"2594",840,3
"2595",840,3
"2596",840,3
"2597",840,3
"2598",840,3
"2599",840,3
"2600",840,3
"2601",840,3
"2602",840,3
"2603",840,3
"2604",840,3
"2605",840,3
"2606",840,3
"2607",840,3
"2608",840,3
"2609",840,3
"2610",840,3
"2611",840,3
"2612",840,3
"2613",840,3
"2614",840,3
"2615",840,3
"2616",840,3
"2617",840,3
"2618",840,3
"2619",840,3
"2620",840,3
"2621",840,3
"2622",840,3
"2623",840,3
"2624",840,3
"2625",840,3
"2626",840,3
"2627",840,3
"2628",840,3
"2629",840,3
"2630",840,3
"2631",840,3
"2632",840,3
"2633",840,3
"2634",840,3
"2635",840,3
"2636",840,3
"2637",840,3
"2638",840,3
"2639",840,3
"2640",840,3
"2641",840,3
"2642",840,3
"2643",840,3
"2644",840,3
"2645",840,3
"2646",840,3
"2647",840,3
"2648",840,3
"2649",840,3
"2650",840,3
"2651",840,3
"2652",840,3
"2653",840,3
"2654",840,3
"2655",840,3
"2656",840,3
"2657",840,3
"2658",840,3
"2659",840,3
"2660",840,3
"2661",840,3
"2662",840,3
"2663",840,3
"2664",840,3
"2665",840,3
"2666",840,3
"2667",840,3
"2668",840,3
"2669",840,3
"2670",840,3
"2671",840,3
"2672",840,3
"2673",840,3
"2674",840,3
"2675",840,3
"2676",840,3
"2677",840,3
"2678",840,3
"2679",840,3
"2680",840,3
"2681",840,3
"2682",840,3
"2683",840,3
"2684",840,3
"2685",840,3
"2686",840,3
"2687",840,3
"2688",840,3
"2689",840,3
"2690",840,3
"2691",840,3
"2692",840,3
"2693",840,3
"2694",840,3
"2695",840,3
"2696",840,3
"2697",840,3
"2698",840,3
"2699",840,3
"2700",840,3
"2701",840,3
"2702",840,3
"2703",840,3
"2704",840,3
"2705",840,3
"2706",840,3
"2707",840,3
"2708",840,3
"2709",840,3
"2710",840,3
"2711",840,3
"2712",840,3
"2713",840,3
"2714",840,3
"2715",840,3
"2716",840,3
"2717",840,3
"2718",840,3
"2719",840,3
"2720",840,3
"2721",840,3
"2722",840,3
"2723",840,3
"2724",840,3
"2725",840,3
"2726",840,3
"2727",840,3
"2728",840,3
"2729",840,3
"2730",840,3
"2731",840,3
"2732",840,3
"2733",840,3
"2734",840,3
"2735",840,3
"2736",840,3
"2737",840,3
"2738",840,3
"2739",840,3
"2740",840,3
"2741",840,3
"2742",840,3
"2743",840,3
"2744",840,3
"2745",840,3
"2746",840,3
"2747",840,3
"2748",840,3
"2749",840,3
"2750",840,3
"2751",840,3
"2752",840,3
"2753",840,3
"2754",840,3
"2755",840,3
"2756",840,3
"2757",840,3
"2758",840,3
"2759",840,3
"2760",840,3
"2761",840,3
"2762",840,3
"2763",840,3
"2764",840,3
"2765",840,3
"2766",840,3
"2767",840,3
"2768",840,3
"2769",840,3
"2770",840,3
"2771",840,3
"2772",840,3
"2773",840,3
"2774",840,3
"2775",840,3
"2776",840,3
"2777",840,3
"2778",840,3
"2779",840,3
"2780",840,3
"2781",840,3
"2782",840,3
"2783",840,3
"2784",840,3
"2785",840,3
"2786",840,3
"2787",840,3
"2788",840,3
"2789",840,3
"2790",840,3
"2791",840,3
"2792",840,3
"2793",840,3
"2794",840,3
"2795",840,3
"2796",840,3
"2797",840,3
"2798",840,3
"2799",840,3
"2800",840,3
"2801",840,3
"2802",840,3
"2803",840,3
"2804",840,3
"2805",840,3
"2806",840,3
"2807",840,3
"2808",840,3
"2809",840,3
"2810",840,3
"2811",840,3
"2812",840,3
"2813",840,3
"2814",840,3
"2815",840,3
"2816",840,3
"2817",840,3
"2818",840,3
"2819",840,3
"2820",840,3
"2821",840,3
"2822",840,3
"2823",840,3
"2824",840,3
"2825",840,3
"2826",840,3
"2827",840,3
"2828",840,3
"2829",840,3
"2830",840,3
"2831",840,3
"2832",840,3
"2833",840,3
"2834",840,3
"2835",840,3
"2836",840,3
"2837",840,3
"2838",840,3
"2839",840,3
"2840",840,3
"2841",840,3
"2842",840,3
"2843",840,3
"2844",840,3
"2845",840,3
"2846",840,3
"2847",840,3
"2848",840,3
"2849",840,3
"2850",840,3
"2851",840,3
"2852",840,3
"2853",840,3
"2854",840,3
"2855",840,3
"2856",840,3
"2857",840,3
"2858",840,3
"2859",840,3
"2860",840,3
"2861",840,3
"2862",840,3
"2863",840,3
"2864",840,3
"2865",840,3
"2866",840,3
"2867",840,3
"2868",840,3
"2869",840,3
"2870",840,3
"2871",840,3
"2872",840,3
"2873",840,3
"2874",840,3
"2875",840,3
"2876",840,3
"2877",840,3
"2878",840,3
"2879",840,3
"2880",840,3
"2881",840,3
"2882",840,3
"2883",840,3
"2884",840,3
"2885",840,3
"2886",840,3
"2887",840,3
"2888",840,3
"2889",840,3
"2890",840,3
"2891",840,3
"2892",840,3
"2893",840,3
"2894",840,3
"2895",840,3
"2896",840,3
"2897",840,3
"2898",840,3
"2899",840,3
"2900",840,3
"2901",840,3
"2902",840,3
"2903",840,3
"2904",840,3
"2905",840,3
"2906",840,3
"2907",840,3
"2908",840,3
"2909",840,3
"2910",840,3
"2911",840,3
"2912",840,3
"2913",840,3
"2914",840,3
"2915",840,3
"2916",840,3
"2917",840,3
"2918",840,3
"2919",840,3
"2920",840,3
"2921",840,3
"2922",840,3
"2923",840,3
"2924",840,3
"2925",840,3
"2926",840,3
"2927",840,3
"2928",840,3
"2929",840,3
"2930",840,3
"2931",840,3
"2932",840,3
"2933",840,3
"2934",840,3
"2935",840,3
"2936",840,3
"2937",840,3
"2938",840,3
"2939",840,3
"2940",840,3
"2941",840,3
"2942",840,3
"2943",840,3
"2944",840,3
"2945",840,3
"2946",840,3
"2947",840,3
"2948",840,3
"2949",840,3
"2950",840,3
"2951",840,3
"2952",840,3
"2953",840,3
"2954",840,3
"2955",840,3
"2956",840,3
"2957",840,3
"2958",840,3
"2959",840,3
"2960",840,3
"2961",840,3
"2962",840,3
"2963",840,3
"2964",840,3
"2965",840,3
"2966",840,3
"2967",840,3
"2968",840,3
"2969",840,3
"2970",840,3
"2971",840,3
"2972",840,3
"2973",840,3
"2974",840,3
"2975",840,3
"2976",840,3
"2977",840,3
"2978",840,3
"2979",840,3
"2980",840,3
"2981",840,3
"2982",840,3
"2983",840,3
"2984",840,3
"2985",840,3
"2986",840,3
"2987",840,3
"2988",840,3
"2989",840,3
"2990",840,3
"2991",840,3
"2992",840,3
"2993",840,3
"2994",840,3
"2995",840,3
"2996",840,3
"2997",840,3
"2998",840,3
"2999",840,3
"3000",840,3
"3001",840,3
"3002",840,3
"3003",840,3
"3004",840,3
"3005",840,3
"3006",840,3
"3007",840,3
"3008",840,3
"3009",840,3
"3010",840,3
"3011",840,3
"3012",840,3
"3013",840,3
"3014",840,3
"3015",840,3
"3016",840,3
"3017",840,3
"3018",840,3
"3019",840,3
"3020",840,3
"3021",840,3
"3022",840,3
"3023",840,3
"3024",840,3
"3025",840,3
"3026",840,3
"3027",840,3
"3028",840,3
"3029",840,3
"3030",840,3
"3031",840,3
"3032",840,3
"3033",840,3
"3034",840,3
"3035",840,3
"3036",840,3
"3037",840,3
"3038",840,3
"3039",840,3
"3040",840,3
"3041",840,3
"3042",840,3
"3043",840,3
"3044",840,3
"3045",840,3
"3046",840,3
"3047",840,3
"3048",840,3
"3049",840,3
"3050",840,3
"3051",840,3
"3052",840,3
"3053",840,3
"3054",840,3
"3055",840,3
"3056",840,3
"3057",840,3
"3058",840,3
"3059",840,3
"3060",840,3
"3061",840,3
"3062",840,3
"3063",840,3
"3064",840,3
"3065",840,3
"3066",840,3
"3067",840,3
"3068",840,3
"3069",840,3
"3070",840,3
"3071",840,3
"3072",840,3
"3073",840,3
"3074",840,3
"3075",840,3
"3076",840,3
"3077",840,3
"3078",840,3
"3079",840,3
"3080",840,3
"3081",840,3
"3082",840,3
"3083",840,3
"3084",840,3
"3085",840,3
"3086",840,3
"3087",840,3
"3088",840,3
"3089",840,3
"3090",840,3
"3091",840,3
"3092",840,3
"3093",840,3
"3094",840,3
"3095",840,3
"3096",840,3
"3097",840,3
"3098",840,3
"3099",840,3
"3100",840,3
"3101",840,3
"3102",840,3
"3103",840,3
"3104",840,3
"3105",840,3
"3106",840,3
"3107",840,3
"3108",840,3
"3109",840,3
"3110",840,3
"3111",840,3
"3112",840,3
"3113",840,3
"3114",840,3
"3115",840,3
"3116",840,3
"3117",840,3
"3118",840,3
"3119",840,3
"3120",840,3
"3121",840,3
"3122",840,4
"3123",840,4
"3124",840,4
"3125",840,4
"3126",840,4
"3127",840,4
"3128",840,4
"3129",840,4
"3130",840,4
"3131",840,4
"3132",840,4
"3133",840,4
"3134",840,4
"3135",840,4
"3136",840,4
"3137",840,4
"3138",840,4
"3139",840,4
"3140",840,4
"3141",840,4
"3142",840,4
"3143",840,4
"3144",840,4
"3145",840,4
"3146",840,4
"3147",840,4
"3148",840,4
"3149",840,4
"3150",840,4
"3151",840,4
"3152",840,4
"3153",840,4
"3154",840,4
"3155",840,4
"3156",840,4
"3157",840,4
"3158",840,4
"3159",840,4
"3160",840,4
"3161",840,4
"3162",840,4
"3163",840,4
"3164",840,4
"3165",840,4
"3166",840,4
"3167",840,4
"3168",840,4
"3169",840,4
"3170",840,4
"3171",840,4
"3172",840,4
"3173",840,4
"3174",840,4
"3175",840,4
"3176",840,4
"3177",840,4
"3178",840,4
"3179",840,4
"3180",840,4
"3181",840,4
"3182",840,4
"3183",840,4
"3184",840,4
"3185",840,4
"3186",840,4
"3187",840,4
"3188",840,4
"3189",840,4
"3190",840,4
"3191",840,4
"3192",840,4
"3193",840,4
"3194",840,4
"3195",840,4
"3196",840,4
"3197",840,4
"3198",840,4
"3199",840,4
"3200",840,4
"3201",840,4
"3202",840,4
"3203",840,4
"3204",840,4
"3205",840,4
"3206",840,4
"3207",840,4
"3208",840,4
"3209",840,4
"3210",840,4
"3211",840,4
"3212",840,4
"3213",840,4
"3214",840,4
"3215",840,4
"3216",840,4
"3217",840,4
"3218",840,4
"3219",840,4
"3220",840,4
"3221",840,4
"3222",840,4
"3223",840,4
"3224",840,4
"3225",840,4
"3226",840,4
"3227",840,4
"3228",840,4
"3229",840,4
"3230",840,4
"3231",840,4
"3232",840,4
"3233",840,4
"3234",840,4
"3235",840,4
"3236",840,4
"3237",840,4
"3238",840,4
"3239",840,4
"3240",840,4
"3241",840,4
"3242",840,4
"3243",840,4
"3244",840,4
"3245",840,4
"3246",840,4
"3247",840,4
"3248",840,4
"3249",840,4
"3250",840,4
"3251",840,4
"3252",840,4
"3253",840,4
"3254",840,4
"3255",840,4
"3256",840,4
"3257",840,4
"3258",840,4
"3259",840,4
"3260",840,4
"3261",840,4
"3262",840,4
"3263",840,4
"3264",840,4
"3265",840,4
"3266",840,4
"3267",840,4
"3268",840,4
"3269",840,4
"3270",840,4
"3271",840,4
"3272",840,4
"3273",840,4
"3274",840,4
"3275",840,4
"3276",840,4
"3277",840,4
"3278",840,4
"3279",840,4
"3280",840,4
"3281",840,4
"3282",840,4
"3283",840,4
"3284",840,4
"3285",840,4
"3286",840,4
"3287",840,4
"3288",840,4
"3289",840,4
"3290",840,4
"3291",840,4
"3292",840,4
"3293",840,4
"3294",840,4
"3295",840,4
"3296",840,4
"3297",840,4
"3298",840,4
"3299",840,4
"3300",840,4
"3301",840,4
"3302",840,4
"3303",840,4
"3304",840,4
"3305",840,4
"3306",840,4
"3307",840,4
"3308",840,4
"3309",840,4
"3310",840,4
"3311",840,4
"3312",840,4
"3313",840,4
"3314",840,4
"3315",840,4
"3316",840,4
"3317",840,4
"3318",840,4
"3319",840,4
"3320",840,4
"3321",840,4
"3322",840,4
"3323",840,4
"3324",840,4
"3325",840,4
"3326",840,4
"3327",840,4
"3328",840,4
"3329",840,4
"3330",840,4
"3331",840,4
"3332",840,4
"3333",840,4
"3334",840,4
"3335",840,4
"3336",840,4
"3337",840,4
"3338",840,4
"3339",840,4
"3340",840,4
"3341",840,4
"3342",840,4
"3343",840,4
"3344",840,4
"3345",840,4
"3346",840,4
"3347",840,4
"3348",840,4
"3349",840,4
"3350",840,4
"3351",840,4
"3352",840,4
"3353",840,4
"3354",840,4
"3355",840,4
"3356",840,4
"3357",840,4
"3358",840,4
"3359",840,4
"3360",840,4
"3361",840,4
"3362",840,4
"3363",840,4
"3364",840,4
"3365",840,4
"3366",840,4
"3367",840,4
"3368",840,4
"3369",840,4
"3370",840,4
"3371",840,4
"3372",840,4
"3373",840,4
"3374",840,4
"3375",840,4
"3376",840,4
"3377",840,4
"3378",840,4
"3379",840,4
"3380",840,4
"3381",840,4
"3382",840,4
"3383",840,4
"3384",840,4
"3385",840,4
"3386",840,4
"3387",840,4
"3388",840,4
"3389",840,4
"3390",840,4
"3391",840,4
"3392",840,4
"3393",840,4
"3394",840,4
"3395",840,4
"3396",840,4
"3397",840,4
"3398",840,4
"3399",840,4
"3400",840,4
"3401",840,4
"3402",840,4
"3403",840,4
"3404",840,4
"3405",840,4
"3406",840,4
"3407",840,4
"3408",840,4
"3409",840,4
"3410",840,4
"3411",840,4
"3412",840,4
"3413",840,4
"3414",840,4
"3415",840,4
"3416",840,4
"3417",840,4
"3418",840,4
"3419",840,4
"3420",840,4
"3421",840,4
"3422",840,4
"3423",840,4
"3424",840,4
"3425",840,4
"3426",840,4
"3427",840,4
"3428",840,4
"3429",840,4
"3430",840,4
"3431",840,4
"3432",840,4
"3433",840,4
"3434",840,4
"3435",840,4
"3436",840,4
"3437",840,4
"3438",840,4
"3439",840,4
"3440",840,4
"3441",840,4
"3442",840,4
"3443",840,4
"3444",840,4
"3445",840,4
"3446",840,4
"3447",840,4
"3448",840,4
"3449",840,4
"3450",840,4
"3451",840,4
"3452",840,4
"3453",840,4
"3454",840,4
"3455",840,4
"3456",840,4
"3457",840,4
"3458",840,4
"3459",840,4
"3460",840,4
"3461",840,4
"3462",840,4
"3463",840,4
"3464",840,4
"3465",840,4
"3466",840,4
"3467",840,4
"3468",840,4
"3469",840,4
"3470",840,4
"3471",840,4
"3472",840,4
"3473",840,4
"3474",840,4
"3475",840,4
"3476",840,4
"3477",840,4
"3478",840,4
"3479",840,4
"3480",840,4
"3481",840,4
"3482",840,4
"3483",840,4
"3484",840,4
"3485",840,4
"3486",840,4
"3487",840,4
"3488",840,4
"3489",840,4
"3490",840,4
"3491",840,4
"3492",840,4
"3493",840,4
"3494",840,4
"3495",840,4
"3496",840,4
"3497",840,4
"3498",840,4
"3499",840,4
"3500",840,4
"3501",840,4
"3502",840,4
"3503",840,4
"3504",840,4
"3505",840,4
"3506",840,4
"3507",840,4
"3508",840,4
"3509",840,4
"3510",840,4
"3511",840,4
"3512",840,4
"3513",840,4
"3514",840,4
"3515",840,4
"3516",840,4
"3517",840,4
"3518",840,4
"3519",840,4
"3520",840,4
"3521",840,4
"3522",840,4
"3523",840,4
"3524",840,4
"3525",840,4
"3526",840,4
"3527",840,4
"3528",840,4
"3529",840,4
"3530",840,4
"3531",840,4
"3532",840,4
"3533",840,4
"3534",840,4
"3535",840,4
"3536",840,4
"3537",840,4
"3538",840,4
"3539",840,4
"3540",840,4
"3541",840,4
"3542",840,4
"3543",840,4
"3544",840,4
"3545",840,4
"3546",840,4
"3547",840,4
"3548",840,4
"3549",840,4
"3550",840,4
"3551",840,4
"3552",840,4
"3553",840,4
"3554",840,4
"3555",840,4
"3556",840,4
"3557",840,4
"3558",840,4
"3559",840,4
"3560",840,4
"3561",840,4
"3562",840,4
"3563",840,4
"3564",840,4
"3565",840,4
"3566",840,4
"3567",840,4
"3568",840,4
"3569",840,4
"3570",840,4
"3571",840,4
"3572",840,4
"3573",840,4
"3574",840,4
"3575",840,4
"3576",840,4
"3577",840,4
"3578",840,4
"3579",840,4
"3580",840,4
"3581",840,4
"3582",840,4
"3583",840,4
"3584",840,4
"3585",840,4
"3586",840,4
"3587",840,4
"3588",840,4
"3589",840,4
"3590",840,4
"3591",840,4
"3592",840,4
"3593",840,4
"3594",840,4
"3595",840,4
"3596",840,4
"3597",840,4
"3598",840,4
"3599",840,4
"3600",840,4
"3601",840,4
"3602",840,4
"3603",840,4
"3604",840,4
"3605",840,4
"3606",840,4
"3607",840,4
"3608",840,4
"3609",840,4
"3610",840,4
"3611",840,4
"3612",840,4
"3613",840,4
"3614",840,4
"3615",840,4
"3616",840,4
"3617",840,4
"3618",840,4
"3619",840,4
"3620",840,4
"3621",840,4
"3622",840,4
"3623",840,4
"3624",840,4
"3625",840,4
"3626",840,5
"3627",840,5
"3628",840,5
"3629",840,5
"3630",840,5
"3631",840,5
"3632",840,5
"3633",840,5
"3634",840,5
"3635",840,5
"3636",840,5
"3637",840,5
"3638",840,5
"3639",840,5
"3640",840,5
"3641",840,5
"3642",840,5
"3643",840,5
"3644",840,5
"3645",840,5
"3646",840,5
"3647",840,5
"3648",840,5
"3649",840,5
"3650",840,5
"3651",840,5
"3652",840,5
"3653",840,5
"3654",840,5
"3655",840,5
"3656",840,5
"3657",840,5
"3658",840,5
"3659",840,5
"3660",840,5
"3661",840,5
"3662",840,5
"3663",840,5
"3664",840,5
"3665",840,5
"3666",840,5
"3667",840,5
"3668",840,5
"3669",840,5
"3670",840,5
"3671",840,5
"3672",840,5
"3673",840,5
"3674",840,5
"3675",840,5
"3676",840,5
"3677",840,5
"3678",840,5
"3679",840,5
"3680",840,5
"3681",840,5
"3682",840,5
"3683",840,5
"3684",840,5
"3685",840,5
"3686",840,5
"3687",840,5
"3688",840,5
"3689",840,5
"3690",840,5
"3691",840,5
"3692",840,5
"3693",840,5
"3694",840,5
"3695",840,5
"3696",840,5
"3697",840,5
"3698",840,5
"3699",840,5
"3700",840,5
"3701",840,5
"3702",840,5
"3703",840,5
"3704",840,5
"3705",840,5
"3706",840,5
"3707",840,5
"3708",840,5
"3709",840,5
"3710",840,5
"3711",840,5
"3712",840,5
"3713",840,5
"3714",840,5
"3715",840,5
"3716",840,5
"3717",840,5
"3718",840,5
"3719",840,5
"3720",840,5
"3721",840,5
"3722",840,5
"3723",840,5
"3724",840,5
"3725",840,5
"3726",840,5
"3727",840,5
"3728",840,5
"3729",840,5
"3730",840,5
"3731",840,5
"3732",840,5
"3733",840,5
"3734",840,5
"3735",840,5
"3736",840,5
"3737",840,5
"3738",840,5
"3739",840,5
"3740",840,5
"3741",840,5
"3742",840,5
"3743",840,5
"3744",840,5
"3745",840,5
"3746",840,5
"3747",840,5
"3748",840,5
"3749",840,5
"3750",840,5
"3751",840,5
"3752",840,5
"3753",840,5
"3754",840,5
"3755",840,5
"3756",840,5
"3757",840,5
"3758",840,5
"3759",840,5
"3760",840,5
"3761",840,5
"3762",840,5
"3763",840,5
"3764",840,5
"3765",840,5
"3766",840,5
"3767",840,5
"3768",840,5
"3769",840,5
"3770",840,5
"3771",840,5
"3772",840,NA
"3773",840,NA
"3774",840,NA
"3775",840,NA
"3776",840,NA
"3777",840,NA
"3778",840,NA
"3779",840,NA
"3780",840,NA
"3781",840,NA
"3782",840,NA
"3783",840,NA
"3784",840,NA
"3785",840,NA
"3786",840,NA
"3787",840,NA
"3788",840,NA
"3789",840,NA
"3790",840,NA
"3791",840,NA
"3792",840,NA
"3793",840,NA
"3794",840,NA
"3795",840,NA
